uncertainties,
end,
findings,
new,
customers,
financial,
data,
states,
platforms,
products,
key,
conclusion,
introduction,
market,
Life,
Insurance,
customer,
banks,
implications,
incumbents,
services,
payments,
firms,
digital,
crowdfunding,
platform,
retrieved,
regulators,
banking,
infrastructure,
product,
fintechs,
institutions,
equity,
investment,
management,
markets,
capital,
payment,
insurers,
world,
online,
traditional,
providers,
investors,
technology,
value,
large,
lending,
state,
bank,
solutions,
lenders,
become,
finding,
shift,
industry,
...,
partnerships,
evidence,
credit,
future,
sources,
business,
scale,
https,
risk,
growth,
distribution,
need,
would,
mobile,
regulatory,
may,
use,
rise,
costs,
needs,
due,
access,
less,
asset,
potential,
ecosystem,
models,
increasing,
emerging,
cost,
life,
http,
global,
service,
offer,
continued,
tech,
chain,
channels,
critical,
wealth,
many,
incumbent,
different,
managers,
marketplace,
funding,
allow,
role,
e.g,
focus,
open,
2017,
lead,
one,
alternative,
competition,
approach,
also,
offerings,
trading,
technologies,
experience,
around,
underwriting,
retail,
context,
share,
studies,
quantitative,
regulation,
deloitte,
development,
two,
adoption,
significant,
model,
major,
supporting,
case,
provide,
entrants,
2015,
start‐ups,
conditions,
change,
lower,
processes,
however,
thus,
systems,
increased,
early,
paints,
venture,
economic,
tools,
continue,
benefit,
advice,
three,
away,
increasingly,
companies,
example,
merchants,
develop,
fees,
forum,
disruption,
means,
ability,
additional,
using,
move,
offering,
fintech,
project,
forces,
ecosystems,
especially,
gain,
must,
time,
low,
2016,
becomes,
impact,
information,
following,
including,
competitive,
face,
core,
several,
leading,
clients,
partners,
years,
consumers,
capabilities,
create,
pressure,
margins,
towards,
connected,
signs,
first,
individual,
non‐financial,
opportunities,
driving,
system,
changes,
much,
significantly,
process,
start,
back,
intermediaries,
directly,
distributors,
card,
insurtechs,
investments,
growing,
order,
profit,
techs,
number,
demand,
mean,
lack,
result,
invest,
make,
diligence,
innovation,
regulations,
power,
able,
manufacturers,
important,
existing,
risks,
rates,
revenue,
support,
group,
institutional,
partner,
increase,
b2b,
businesses,
improve,
technological,
compete,
even,
robo‐advisors,
seek,
environment,
based,
creating,
section,
work,
making,
like,
well,
players,
across,
becoming,
amazon,
million,
cards,
drive,
usage,
low‐cost,
sector,
united,
morgan,
users,
transactions,
success,
differentiate,
control,
likely,
quickly,
find,
improved,
could,
profitability,
schemes,
loans,
individuals,
international,
without,
subject,
matter,
experts,
questions,
limited,
build,
focused,
futures,
higher,
loan,
set,
high,
improvements,
allowing,
automation,
external,
direct,
trade,
strategies,
references,
faster,
instead,
remain,
experiences,
organizations,
company,
strategy,
paths,
pay,
adjudication,
channel,
monetization,
acquire,
externalization,
entry,
accounts,
grow,
decline,
choose,
choice,
engagement,
human,
investing,
strong,
look,
interest,
cash,
source,
benefits,
consolidation,
valuable,
social,
investor,
within,
private,
team,
innovations,
apple,
successful,
allows,
flows,
origination,
sharing,
shifting,
importance,
point,
developed,
force,
legacy,
balance,
difficult,
circa,
forbes,
term,
economics,
functions,
affect,
leader,
operating,
office,
opportunity,
better,
possible,
current,
returns,
overview,
expectations,
rapid,
often,
landscape,
base,
analysis,
monitor,
european,
psd2,
purchase,
shopping,
advantages,
simple,
europe,
execution,
automated,
real‐time,
path,
times,
apis,
increases,
meet,
billion,
challenger,
client,
robo‐advisory,
working,
basis,
head,
launched,
rapidly,
chains,
evolutionary,
last,
established,
segments,
provides,
manage,
activities,
middle,
funds,
expand,
retailers,
fewer,
aggregation,
design,
similar,
revenues,
efforts,
pressures,
areas,
uncertain,
greatly,
big,
driven,
level,
adopt,
mass,
journal,
majority,
five,
third,
track,
coverage,
proven,
quality,
electronic,
classes,
report,
forward,
available,
chief,
executive,
stanley,
still,
form,
represents,
small,
broader,
canada,
points,
rising,
multiple,
expansion,
profitable,
capture,
partnership,
next,
consumer,
jurisdictions,
recent,
trends,
highly,
money,
commercial,
area,
flexible,
advantage,
niche,
post‐trade,
disruptive,
network,
used,
leaders,
john,
shape,
solution,
securities,
crisis,
shaping,
ways,
barriers,
single,
regionalization,
diverging,
account,
commoditized,
offers,
reach,
particularly,
curated,
needed,
starting,
analytics,
compared,
standard,
regional,
protection,
largely,
transparency,
push,
limiting,
patterns,
sales,
creates,
popularity,
issuers,
created,
deliver,
requires,
acquisition,
raising,
secondary,
lender,
capability,
requirements,
ventures,
expertise,
structure,
loss,
blackrock,
stakeholders,
in‐person,
participants,
successfully,
dominant,
changing,
enable,
reduce,
archetypes,
seeking,
know,
connections,
profits,
position,
longer,
brand,
collect,
assets,
whether,
either,
economies,
receive,
ensure,
processing,
attractive,
challenging,
remains,
countries,
decade,
emerged,
resolution,
occur,
card‐based,
interchange,
expect,
exchange,
2013,
depending,
improving,
alternatives,
recently,
required,
forcing,
purchasing,
economy,
affinity,
personal,
challenges,
resources,
settlement,
electronification,
issues,
particular,
consulting,
llp,
see,
rules,
officer,
identity,
portfolio,
note,
four,
take,
relationships,
understanding,
enabling,
100,
york,
building,
struggle,
commoditization,
pools,
continues,
evolve,
utilities,
range,
wide,
tracking,
protect,
shared,
previously,
secure,
manufacturing,
via,
app,
apps,
others,
effect,
resolved,
price,
behaviour,
return,
effectively,
talent,
non‐,
moving,
leads,
led,
connectivity,
best,
takeaways,
declining,
claims,
standards,
second,
represent,
parties,
driver,
smaller,
get,
grows,
insurer,
pricing,
insider,
cyber,
monitoring,
joint,
attract,
differentiator,
complex,
cloud,
providing,
stickiness,
thin‐file,
instability,
liquidity,
advisers,
defined,
schwab,
political,
flow,
entrepreneurs,
valuations,
buy‐side,
public,
acknowledgements,
leadership,
professional,
rob,
certain,
responsible,
deutsche,
define,
deep,
phase,
illustrate,
defining,
enter,
failed,
china,
direction,
parts,
switch,
provider,
struggled,
yet,
deploy,
differentiation,
bypass,
thereby,
delivery,
combined,
dependent,
differentiating,
competitors,
roles,
view,
security,
easily,
networks,
partnering,
bought,
vanguard,
deposits,
easy,
way,
relationship,
fragmented,
fail,
greater,
vendors,
developing,
owners,
target,
larger,
intelligence,
review,
tool,
choices,
trend,
local,
gap,
evolved,
examines,
half,
raised,
impacting,
seamless,
migrate,
occurred,
cnbc,
australia,
income,
long,
considerably,
degree,
embrace,
expected,
third‐party,
concerns,
wall,
street,
pictures,
fragmentation,
challenged,
response,
potentially,
lines,
mutual,
put,
integration,
begin,
desire,
deal,
differentiated,
techniques,
borrowers,
sophisticated,
guaranteed,
casey,
quirk,
commission,
bloomberg,
certainty,
rounds,
crowd,
seedrs,
early‐stage,
otc,
interviews,
ongoing,
adviser,
member,
decision,
taking,
mastercard,
thomson,
reuters,
hsbc,
visa,
managing,
chase,
manager,
2014,
consider,
far,
since,
relevant,
blockchain,
innovative,
total,
almost,
switching,
sufficiently,
exist,
rate,
long‐term,
ownership,
therefore,
engage,
comfortable,
expanded,
national,
compliance,
shifts,
bridge,
complicated,
started,
savings,
pool,
necessary,
day,
help,
specialized,
mindshare,
achieve,
sustainable,
follow,
streams,
targeted,
environments,
employees,
interactions,
america,
failure,
cloud‐based,
macquarie,
collision,
unclear,
mature,
opposed,
applications,
factor,
diverge,
acceptance,
transaction,
paypal,
marketplaces,
slice,
top,
accept,
highlighting,
average,
demonetization,
record,
efficiency,
operate,
adapt,
want,
loyalty,
demonstrate,
despite,
playing,
ever,
turn,
i.e,
rewards,
relatively,
tailored,
profile,
lifestyles,
erode,
bond,
insurtech,
limits,
age,
policies,
education,
finance,
integrated,
levels,
community,
software,
small‐business,
net,
emerge,
stage,
monoline,
scaling,
externalized,
plans,
charles,
fundraising,
gratitude,
address,
workshop,
committee,
initiative,
contact,
galaski,
accounting,
michael,
corporate,
government,
director,
ing,
dtcc,
van,
annual,
meeting,
pioneered,
previous,
laid,
characteristics,
fully,
broad,
held,
usa,
turned,
acquisitions,
accelerate,
bases,
transfer,
sets,
distinct,
standardize,
systemic,
customer‐facing,
location,
migrating,
munich,
directive,
distributed,
per,
interact,
ubiquity,
devices,
specific,
add,
kingdom,
advanced,
participating,
addition,
collection,
features,
amount,
trust,
imperative,
play,
suite,
people,
fundamentally,
meaning,
interfaces,
buy,
coming,
absence,
convergence,
influence,
cooperation,
saw,
launch,
currencies,
bitcoin,
intense,
nontraditional,
dominance,
overall,
sale,
overcome,
coupled,
already,
differ,
smart,
central,
application,
focusing,
union,
rule,
grown,
currency,
flexibility,
limit,
post‐psd2,
free,
field,
spending,
production,
connect,
modularity,
cars,
airbnb,
underserved,
sell,
younger,
start‐up,
currently,
virtual,
telematics,
nest,
agreements,
nature,
machine,
battle,
superior,
forced,
appear,
retirement,
drives,
uncertainty,
p2p,
give,
interaction,
primary,
expanding,
controlled,
side,
compelling,
participate,
underbanked,
subprime,
mortgage,
proliferate,
efficient,
fiduciary,
express,
interoperability,
scalability,
disclosures,
seed,
angellist,
fixed,
crowdfunded,
andrew,
scott,
beyond,
part,
series,
collaboration,
professionals,
150,
chairman,
fourth,
jesse,
mcwaters,
weforum.org,
dttl,
entities,
description,
publication,
senior,
provided,
guidance,
oversight,
robert,
david,
property,
fund,
strategic,
paul,
santander,
peter,
consumed,
disrupted,
dives,
details,
reports,
research,
understand,
establishing,
clear,
exploring,
outcomes,
answer,
pivotal,
innovators,
april,
changed,
crucial,
user,
google,
materially,
geographies,
disrupt,
competencies,
workforce,
behaviours,
priorities,
drivers,
creation,
preserve,
turning,
connection,
accessible,
lowering,
place,
cases,
entire,
front,
visibility,
advisory,
niches,
liability,
b2c,
segment,
scope,
sectors,
rbc,
suitability,
naturally,
adding,
favour,
improves,
line,
maintaining,
decide,
artificial,
relative,
together,
alone,
sizes,
guide,
web,
uber,
differing,
mobile‐based,
divergent,
industry's,
built,
delivering,
visible,
purchases,
functionality,
non‐existent,
causing,
sufficient,
legislation,
decrease,
wire,
announced,
n26,
largest,
raise,
2011,
generate,
forms,
standardized,
modern,
africa,
wallets,
and/or,
pre‐,
improvement,
stores,
gradual,
worldwide,
year,
programmes,
convince,
cross‐border,
vast,
regarding,
regulate,
personalized,
additionally,
governments,
policy,
various,
effective,
deeply,
incentives,
customized,
lose,
records,
home,
linked,
types,
on‐demand,
carrier,
c/life,
tied,
tesla,
outside,
hedge,
operations,
agent,
premiums,
prevention,
churches,
institution,
yahoo,
rises,
customer's,
measure,
assistants,
lifestyle,
hancock,
data‐sharing,
internationally,
decreases,
good,
outsource,
algorithms,
selection,
in‐house,
advancements,
architecture,
deposit,
firm,
branch,
bbva,
newswire,
physical,
branches,
journey,
disrupting,
bureau,
decisions,
approval,
perform,
borrower,
underwrite,
explore,
licences,
june,
normalized,
bps,
2.0,
viable,
makes,
contribution,
robo‐,
investopedia,
continuing,
stocks,
factors,
enhanced,
standardization,
wise,
assist,
liquid,
angel,
class,
disclosure,
syndicateroom,
icapital,
regionally,
börse,
giancarlo,
sefs,
algomi,
aig,
contributing,
contributed,
perspectives,
roundtable,
discussions,
alphabetical,
kong,
chris,
daniel,
bmo,
consistent,
included,
encouraging,
insights,
enriched,
contributions,
steering,
introduced,
whose,
industrial,
revolution,
capacity,
feedback,
related,
legally,
please,
detailed,
legal,
tax,
action,
members,
casualty,
ubs,
lloyds,
vice‐president,
americas,
max,
swift,
structured,
provisioned,
reflect,
stock,
extend,
3.5,
past,
transformative,
empowers,
technology‐enabled,
definition,
include,
made,
workshops,
300,
february,
march,
shifted,
short,
pace,
stand‐alone,
bar,
establish,
rails,
threat,
deploying,
proliferation,
accelerating,
serious,
cycle,
redistribution,
owner,
pure,
real,
bionic,
humans,
systemically,
resemble,
facing,
avoid,
streamline,
internal,
monetary,
utility,
automate,
minimize,
bypassing,
simplify,
betterment,
etfs,
stripe,
merchant,
union's,
mandating,
identify,
reaching,
rely,
leverage,
recommendations,
distributor,
wealthfront,
awareness,
store,
pass,
contrast,
depend,
universe,
guard,
distribute,
throughout,
pre‐existing,
pensions,
capable,
comparability,
uses,
designing,
solely,
complementary,
facebook,
variety,
issue,
implementing,
enough,
tested,
evolution,
come,
unlocking,
customers',
pain‐free,
aws,
little,
suggests,
rest,
falling,
behind,
broaden,
helping,
proposition,
regulator,
capturing,
incremental,
designed,
introduce,
alipay,
chinese,
competitor,
adopted,
localized,
ground,
problems,
integrate,
redefine,
jpmorgan,
according,
common,
fundamental,
migration,
experiencing,
distinctions,
exceeded,
volumes,
frictionless,
technologically,
slowed,
black,
react,
fee,
honour,
revolvers,
short‐term,
transfers,
low‐fee,
entirely,
begun,
club,
revolving,
2.5,
2009,
elusive,
benefitted,
whereas,
region,
ubiquitous,
asia,
roll‐out,
act,
160,
emv,
encourage,
original,
main,
reluctant,
meant,
tim,
backed,
ultimately,
buy‐in,
hand,
received,
added,
exchanges,
modernization,
concern,
seeing,
losses,
agreement,
suffer,
charge,
exists,
issuing,
trusted,
hard,
groups,
difficulty,
bespoke,
nascent,
granular,
product‐level,
prefer,
fit,
dramatically,
combinations,
threatening,
usage‐based,
object‐specific,
reinvent,
generation,
insure,
proliferating,
serves,
interests,
ils,
reinsurers,
cannibalization,
lifetime,
partnered,
rolled,
sold,
swiss,
consumption,
prosumer,
coverages,
micro‐insurance,
locations,
one‐size‐fits‐all,
subsequent,
targeting,
cheaper,
prices,
population,
weak,
invested,
medical,
check,
require,
ladder,
demographics,
decision‐making,
nerdwallet,
homogenization,
pushed,
offset,
carpenter,
symantec,
initial,
140,
fast,
risen,
locales,
traditionally,
vitality,
liberty,
effort,
2010,
willing,
adequate,
closed,
e‐z,
prosumers,
agents,
white,
developments,
sophistication,
run,
narrow,
specialize,
suit,
knowledge,
popular,
stand,
looking,
safe,
startup,
stay,
emergence,
moved,
best‐of‐breed,
api,
strongly,
enabled,
cost‐cutting,
methods,
wells,
fargo,
intuit,
preferences,
languages,
replace,
centres,
poor,
unable,
zero,
ensuring,
2012,
slowly,
white‐label,
join,
regulated,
benefitting,
raises,
bigger,
speed,
disadvantage,
model's,
sustainability,
adjudicating,
insufficient,
history,
methodologies,
full,
lendup,
proprietary,
zestfinance,
search,
minutes,
expensive,
analyse,
ondeck,
embed,
moments,
supply,
performance,
financing,
worth,
tradeshift,
acquiring,
applied,
zopa,
diversification,
accuracy,
apart,
high‐quality,
broker,
high‐,
deeper,
course,
truly,
robo‐distribution,
intelligent,
etf,
aspects,
robinhood,
commodity,
alpha,
post‐,
beta,
attracted,
active,
futureadvisor,
robo‐advice,
outcome,
certainty‐based,
wisdom,
exits,
disconnected,
entrepreneurship,
accredited,
brewdog,
valuation,
industries,
shooting,
star,
never,
projects,
sell‐side,
promise,
unlock,
rarely,
swaps,
mifid,
trumid,
conference,
dlt,
facilities,
data‐infrastructure,
easier,
lee,
smith,
sam,
richard,
western,
hong,
dan,
james,
jennifer,
assessment,
august,
multistakeholder,
involved,
extensive,
outreach,
dialogue,
numerous,
academia,
perspective,
author,
jesse.mcwaters,
rgalaski,
deloitte.ca,
thought,
president,
jason,
barclays,
creditease,
william,
allianz,
executives,
claire,
victor,
palatnick,
rangaswami,
bob,
huw,
steenis,
navigating,
reshape,
later,
close,
characterized,
decades,
reshaped,
every,
stakeholder,
hope,
upon,
transforming,
3.1,
3.2,
3.3,
3.4,
105,
126,
3.6,
147,
3.7,
168,
189,
195,
december,
determine,
affected,
foundation,
etc,
aimed,
high‐level,
blueprint,
simultaneously,
release,
entrant,
final,
conducting,
exploration,
reshaping,
builds,
ideas,
months,
phone,
hubs,
january,
succeeded,
setting,
willingness,
although,
wait,
traction,
today,
entering,
identified,
removing,
grounds,
redistributing,
hyper‐scaled,
hyper‐focused,
static,
machines,
replicate,
regions,
enormous,
embracing,
mutualization,
serve,
kyc,
industry‐standard,
reconciliation,
among,
utilizing,
lowers,
treated,
offices,
positions,
connecting,
vulnerable,
cost‐effective,
sides,
revised,
threatens,
disintermediate,
adjacencies,
derive,
survival,
manufacturer,
controls,
page,
drawn,
collected,
consolidates,
far‐reaching,
consequences,
gradually,
tencent,
competing,
profound,
party,
combination,
real‐,
fraud,
engaging,
otherwise,
carefully,
aware,
collecting,
evolves,
cognitive,
front‐end,
launching,
answers,
siri,
alexa,
human‐ai,
mix,
worked,
testing,
requiring,
idea,
similarly,
hbr,
mit,
sloan,
organization,
enforcement,
actions,
match,
diverse,
might,
interacting,
cmo,
targets,
frameworks,
globalization,
giving,
suited,
complexity,
presence,
trillion,
giant,
clearing,
same‐day,
slow,
geography,
discussion,
holds,
solve,
reading,
dive,
underlying,
tracker,
were…,
opened,
grew,
respond,
purposes,
distinguishing,
brick‐and‐mortar,
instances,
commerce,
expense,
online‐based,
cashless,
connectedness,
phones,
actual,
stored,
background,
one‐click,
rolling,
lowest,
singles',
biggest,
friday,
fortune.com,
passed,
ifr,
weakening,
selective,
national‐level,
foreign,
transferwise,
germany,
starling,
advertised,
1.5,
0.5,
2005,
2007,
lendingclub.com,
finder.com.au,
unmet,
indian,
500,
2022,
chip,
retailer,
type,
catch,
technavio,
psd,
themes,
initiation,
capped,
category,
timeline,
enforce,
pervasive,
try,
demonstrated,
simply,
negative,
rose,
450,
picture,
decreasing,
currentc,
pymnts.com,
ars,
technica,
scheme,
hacks,
flight,
kingdom's,
domestic,
convenience,
coin,
true,
justify,
implemented,
blockchain.info,
massive,
entrenched,
aggregated,
hold,
reached,
allowed,
bargaining,
paid,
appearance,
associated,
ones,
tap,
traffic,
slower,
comprehensive,
integrating,
shrinking,
align,
fight,
individually,
gets,
sense,
thrive,
retaining,
lives,
volume,
mhq5j=e3,
explained,
deployment,
statistics,
published,
spread,
faced,
transformation,
choosing,
responsibilities,
self‐driving,
necessitating,
whole,
designers,
auto,
sheet,
varies,
vehicle,
safety,
10000,
mashable,
erosion,
purchased,
assessed,
blurring,
slices,
amounts,
adaptable,
demanding,
serving,
hosts,
102,
women,
participation,
size,
modular,
pwc,
demands,
south‐east,
comfort,
health,
vietnam,
simpler,
populationpyramid.net,
declined,
24/7,
guy,
church,
marsh,
155,
180,
120,
media,
occupied,
bodies,
moreover,
advances,
variable,
accurate,
programme,
premium,
opt,
daily,
device,
save,
tethered,
vehicles,
customizable,
guidelines,
advertising,
onboarding,
actively,
exclusive,
mainstreaming,
heavy,
keep,
bifurcation,
outsourcing,
alternatively,
pursue,
appeal,
cutting,
individualized,
paying,
self‐employment,
workers,
signals,
detection,
gaps,
maturity,
comes,
revolve,
hiring,
missing,
matching,
demographic,
emphasizing,
foster,
aggressively,
adjacent,
expands,
propositions,
though,
began,
momentum,
achieved,
caveats,
publicly,
digital‐only,
absent,
observer,
american,
banker,
nordics,
post‐crisis,
sheets,
learn,
sought,
lower‐cost,
venmo,
call,
heavily,
attractiveness,
mass‐affluent,
verge,
boston,
decades‐old,
layers,
compass,
aim,
maintenance,
tempted,
appealing,
mini,
atms,
walk,
wow,
era,
digitization,
aid,
washington,
post,
bain,
giants,
margin,
cut,
handled,
agile,
upstream,
newly,
flock,
dynamics,
cross‐,
question,
problem,
forge,
symbiotic,
103,
globe,
poised,
analytical,
effectiveness,
cycles,
constrained,
temporary,
payday,
disparate,
baidu,
unions,
severe,
prove,
onerous,
streamlined,
rocket,
digitally,
exact,
forward‐looking,
comparisons,
funded,
platform‐based,
connects,
enables,
techspot,
city,
a.m.,
proved,
relied,
high‐cost,
found,
unstable,
prosper,
warrants,
long‐,
licence,
sofi,
attracting,
200,
techcrunch,
perception,
struggling,
licensing,
cost‐,
flourish,
excess,
edge,
availability,
leveraging,
meanwhile,
scrutiny,
considered,
approved,
win,
goes,
employ,
automating,
inform,
learning,
millennials,
bringing,
attention,
beginning,
employers,
drawing,
burdens,
customer‐centric,
exhibit,
labor,
conduct,
prolonged,
kensho,
reduces,
manual,
natural,
language,
events,
discount,
600,
400,
economical,
finextra,
primarily,
human‐managed,
consolidate,
pick,
179,
165,
per‐customer,
quick,
flat‐fee,
.11,
ownersadvisory,
advisor,
brands,
advisors,
develops,
norm,
predefined,
synthesis,
guarantee‐based,
stronger,
convenient,
accelerates,
erodes,
numbers,
reduced,
deepen,
july,
signaling,
unaccredited,
chapter,
burdensome,
resulted,
seed‐stage,
alongside,
prominent,
159,
190,
albeit,
blog,
non‐accredited,
generally,
respect,
differently,
pebble,
rather,
round,
crowdengine,
crowdfundingbeat,
asian,
lawyer,
inexperienced,
brewery,
breweries,
investor‐led,
traded,
telegraph,
exit,
pooled,
crowdcube,
failing,
167,
altfi,
debt,
instruments,
bonds,
profit‐oriented,
causes,
grants,
enterprises,
jurisdiction,
inter‐platform,
high‐risk,
later‐stage,
late‐stage,
early‐,
plays,
filling,
faq,
christian,
vol,
conducted,
electronified,
along,
discovery,
uneven,
counterparties,
cross‐platform,
post‐financial,
bet,
young,
allq,
facility,
trades,
news,
bis,
christopher,
acting,
brexit,
brokers,
contribute,
cftc,
risk.net,
skadden,
arps,
slate,
meagher,
flom,
ledger,
default,
applicability,
ibm,
efficiencies,
euronext,
fixed‐income,
bondcube,
swap,
sef,
fia,
enhance,
innovate,
science,
expresses,
llc,
bruno,
wilson,
thanks,
center,
peking,
university,
allen,
sean,
tom,
borrowell,
jared,
holdings,
kevin,
catherine,
zhou,
kelly,
commerzbank,
america/merrill,
alex,
jeff,
lynn,
balderton,
fundapps,
citi,
belfius,
mike,
motive,
pragmatic,
prepared,
foreword,
mission,
applying,
forum's,
communities,
sessions,
collaborative,
discuss,
concerning,
holistic,
assisted,
thoughts,
thank,
played,
invaluable,
patient,
mentorship,
vision,
inspirational,
finally,
grateful,
entity,
deloitte1,
generous,
commitment,
official,
refers,
touche,
tohmatsu,
guarantee,
separate,
independent,
referred,
www.deloitte.com/about,
www.deloitte.com/us/about,
subsidiaries,
attest,
contains,
general,
rendering,
substitute,
consult,
qualified,
shall,
sustained,
person,
relies,
contri,
ann,
cairns,
craig,
flint,
kimberly,
hammonds,
harris,
catlin,
harte,
axel,
lehmann,
board,
anju,
patwardhan,
puth,
cls,
sheedy,
relations,
dieter,
wemmer,
acknowledge,
helped,
framework,
analyses,
josh,
bottomley,
thomas,
brown,
hastings,
calmjane,
christof,
edel,
roland,
fejfar,
ibd,
dorothy,
hillenius,
lena,
mass‐cresnik,
phd,
matarranz,
neil,
mumm,
neukirchen,
architect,
justin,
pinkham,
svp,
reany,
evp,
rutland,
co‐head,
cvc,
nicolas,
skowronski,
deputy,
julius,
baer,
schroders,
colin,
teichholtz,
pine,
river,
fabian,
vandenreydt,
innotribe,
institute,
editors,
davos‐,
klosters,
aftershocks,
wings,
challenge,
promised,
nearly,
draws,
impacts,
considering,
evolving,
importantly,
presents,
lies,
horizon,
triggered,
seismic,
outlook,
contents,
approach…………………………………………………….………………………………………………………………………………………………..……………..,
…………………………………………………………………………………………………………………………………………………..…,
payments…………………………………………………………………………………………………………………………………………………………………………………..,
insurance…………………………………………………………………………………………………………………………………………………………………………………..,
banking…………………………………………………………………………………………………………………………………………………………………………..,
lending………………………………………………………………………………………………………………………………………………………………………………………,
management…………………………………………………………………………………………………………………………………………………………..,
crowdfunding…………………………………………………………………………………………………………………………………………………………………,
infrastructure………………………………………………………………………………………………………………………………………………………………..,
acknowledgements……………………………………………………………………………………………………………………………………………………………………………..,
culmination,
phases,
strived,
taxonomy,
mapping,
captured,
protocols,
simplifies,
de‐risks,
culminated,
document,
considers,
produce,
engaged,
gained,
c‐suite,
unit,
facilitated,
six,
davos‐klosters,
switzerland,
london,
san,
francisco,
shenzhen,
toronto,
came,
existence,
goal,
overtaking,
fallen,
seized,
subsector,
bars,
shown,
met,
overestimated,
material,
warrant,
adapt*,
*caveat,
opportunity…,
externalize,
function,
supermarket,
…but,
tempo,
institution's,
predicated,
agility,
neither,
shop,
eight,
interface,
labour,
long‐time,
alike,
commoditize,
duplicating,
externalizing,
error,
handling,
authority,
singapore,
duplication,
aladdin,
construction,
anywhere,
audit,
peers,
de‐verticalize,
cost‐sharing,
company‐wide,
thinking,
permissions,
jigsaw,
piece,
separately,
business‐to‐business,
catalysts,
intra‐value,
inter‐value,
reinsurer,
trōv,
proposing,
exchange‐traded,
movements,
curtailing,
oversee,
long‐regulated,
pressures/shifts,
controlling,
curation,
places,
de‐emphasizing,
steer,
stringently,
1,600,
benchmarks,
comparable,
lacking,
wish,
consistency,
abusing,
race,
multiple‐provider,
examples,
cater,
audiences,
aggregate,
webank,
acts,
storefront,
wave,
invoicing,
reporting,
adp,
dashboard,
aggregating,
product‐focused,
sales/distribution,
balancing,
owner's,
placed,
depth,
breadth,
snapshots,
experience‐driven,
utilize,
confirmation,
optional,
offered,
geo‐location,
predictive,
frequently,
purpose,
nonbanks,
continually,
adds,
aib,
cashbacks,
company‐,
hacking,
maintained,
versus,
arrival,
workforces,
collective,
machine‐enabled,
coworking,
dominating,
erica,
chatbot,
mould,
computers,
multiplying,
given,
training,
organization's,
teams,
suites,
ayasdi,
stress,
nine‐month,
hundreds,
three‐month,
specialists,
accepting,
humans4,5,
automation‐focused,
priority,
waves,
train,
coexist,
dealing,
punishment,
compliant,
figure,
communicate,
culture,
accompanied,
reliance,
harness,
forming,
backbone,
xignite,
adopting,
storage,
cross‐selling,
bit,
guides,
tough,
technical,
losing,
necessitates,
independence,
narrative,
differences,
impetus,
verticals,
consumer‐focused,
innovation‐,
friendly,
well‐served,
show,
owns,
5.5,
house,
ach,
progress,
ago,
obstacles,
theoretically,
press,
breeding,
multipolar,
locale,
strengthen,
cultivate,
cross‐cutting,
subjects,
governance,
extract,
mitigate,
races,
ahead,
long‐running,
lie,
heart,
harvard,
//hbr.org/2016/11/how‐artificial‐intelligence‐will‐redefine‐,
ready,
robot,
colleagues,
//sloanreview.mit.edu/article/are‐you‐ready‐for‐robot‐colleagues/,
mine,
//www.ft.com/content/1eaf6436‐e4a2‐11e6‐9645‐c9357a75844a,
cdo,
interview,
idg,
//www.cmo.com.au/article/609962/cdo‐,
interview‐macquarie‐banking‐group‐digital‐leader‐delivering‐customer‐trust/,
pp=2,
organized,
illustrating,
evolutions,
illustrative,
sector's,
plausible,
mapped,
illustrates,
reader,
familiarized,
moment,
multinationals,
refer,
geographically,
varied,
operated,
dominate,
near,
e‐commerce,
logging,
represented,
2016,1,
prime,
subscribers,
november,
2016,2,
one‐day,
2016.3,
shoppers,
2014‐2015,
incompatibility,
processors,
locally,
caps,
passing,
charged,
specifically,
forbid,
high‐fee,
unattractive,
eroding,
cheques,
conditioning,
earn,
decided,
forgoing,
originally,
branded,
select,
lhv,
estonia,
country's,
scores,
converted,
300,000,
revolvers.5,
2003,
visa/mc,
amex,
fees6,
elsewhere,
banks/payment,
fintech‐enabled,
location‐specific,
pain,
marginal,
differed,
affects,
supported,
resisted,
advance,
unlikely,
succeed,
india,
1,000,
rupee,
notes,
compound,
cagr,
2016.7,
drove,
earlier,
sates,
18.6,
90.7,
canada.8,
france,
card/other,
varying,
countries9,
tsys,
2018,
host,
consists,
initiate,
authorize,
concurrently,
payments‐related,
0.2‐0.3,
debit,
respectively,
forbidding,
applies,
sorted,
link,
info,
mint,
yodlee,
passwords,
implementation,
country,
merchant/intermediary,
overwhelming,
method,
ingrained,
patience,
loop,
work/not,
clouding,
apple's,
cook,
announcing,
paint,
mixed,
same‐user,
frequency,
2014.10,
retailer‐backed,
walmart,
wendy,
shut,
mid‐2016,
pulling,
service.11,
fractures,
demise,
unlocked,
inroads,
modernized,
inherent,
insecurity,
magnified,
shocks,
freezes,
track/oversee,
rail,
replacement,
reality,
modernizing,
close‐to,
transmission,
messaging,
iso,
20022,
add‐ons,
minimizing,
cheaply,
hours,
£250,000,
handle,
4.2,
14,15,
bitfinex,
second‐largest,
hacked,
recover,
haircut.13,
0.35,
effects,
heightened,
steadily,
worlds,
bridged,
positioned,
double‐digit,
conditioned,
programming,
diverges,
cow,
credit‐card‐,
issuer,
precipitously,
shrinks,
expectation,
challengers,
best‐of‐brand,
lock,
deployed,
re‐evaluate,
remaining,
law,
stream,
negotiate,
data/other,
withdraw,
payment‐related,
arises,
stop,
securely,
built‐in,
card‐,
point‐of‐,
tie,
comply,
specifications,
prevents,
steady,
justification,
issuers/intermediaries,
retain,
somewhat,
ally,
fragment,
non‐bank,
appearing,
fragmenting,
juggle,
rewarded,
piecing,
mostly,
presenting,
quandary,
in‐store,
reward/loyalty,
sku‐level,
typical,
smartphone,
predominant,
appears,
enjoy,
collect/make,
habits,
complete,
pushing,
multidimensional,
furthermore,
negotiating,
accordingly,
wield,
echo,
turns,
ambitions,
audacious,
bets,
//intelligence.slice.com/echo‐turns‐,
volume‐amazons‐ambitions‐audacious‐bets‐pay‐off/,
soften,
//www.ft.com/content/d9f71364‐e2bf‐345d‐,
a4e9‐a61c9a9058a7,
alibaba,
smashes,
world's,
event,
//www.cnbc.com/2016/11/11/singles‐day‐news‐,
alibaba‐poised‐to‐smash‐records‐at‐worlds‐largest‐online‐shopping‐event.html,
americans,
shopped,
weekend,
//fortune.com/2016/11/27/black‐friday‐nrf‐shopping/,
statistic,
//www.finder.com.au/where‐does‐my‐money‐go‐interchange‐,
fees‐explained,
//www.technavio.com/blog/how‐,
demonetization‐indian‐currency‐has‐led‐increased‐use‐mobile‐wallets,
emvco,
//www.emvco.com/about_emvco.aspx,
id=202,
cross‐country,
comparison,
diary,
survey,
bagnall,
//www.ijcb.org/journal/ijcb16q4a1.pdf,
stats,
//www.pymnts.com/apple‐pay‐adoption/,
defiant,
deactivate,
//arstechnica.com/business/2016/06/currentc‐retailers‐defiant‐answer‐to‐apple‐pay‐will‐deactivate‐its‐user‐accounts/,
takes,
turf,
//www.forbes.com/sites/helenwang/2016/10/30/will‐alipay‐,
dominate‐global‐mobile‐payments/,
hack,
//www.wsj.com/articles/bitfinex‐to‐spread‐losses‐from‐cybertheft‐,
among‐all‐users‐1470559865,
//www.fasterpayments.org.uk/about‐us/statistics,
confirmed,
//blockchain.info/charts/n‐transactions,
signaled,
specify,
equally,
applicable,
structural,
disaggregation,
occasions,
microinsurance,
responsibility,
overcapitalization,
overcapitalized,
non‐catastrophe,
insurance‐linked,
underwriters/product,
depression,
risking,
innovating,
internally,
outstanding,
cat,
gives,
exposure,
intermediary.1,
quietly,
asia.2,
believes,
autopilot,
30000,
25000,
20000,
15000,
5000,
transformational,
extent,
subsumed,
walks,
measured,
delineation,
delayed,
test,
necessitate,
high‐value,
items,
fastest‐growing,
seniors,
year‐over‐year,
60.4,
cross‐cultural,
grey,
prosumer.5,
homesharers,
covered,
homeowner,
7.4,
+92,
+87,
3.9,
2.1,
economy6,
influenced,
blurred,
individuality,
presumes,
fastest,
east,
retirement‐related,
depends,
doctor,
rigid,
fixed‐term,
consumable,
chunks,
bima,
prepaid,
credit.7,
verification,
low‐income,
typically,
applicants.8,
wholly,
owned,
subsidiary,
massmutual,
40+,
20‐39,
5‐19,
0‐4,
‐47.8,
27.2,
35.1,
34.6,
19.2,
22.1,
6.1,
8.2,
veitnam,
traits,
omnichannel,
spill,
balanced,
value‐added,
seesaw,
flatlined,
penetration,
equal,
tech‐related,
projected,
space,
sensor‐based,
sensor,
model.10,
hoping,
extreme,
cyberevents,
accurately,
frozen,
pipe,
leaks,
occupancy,
pilot,
saved,
1,500,
states.11,
q1/201512,
communication,
monitor/marsh,
feel,
volunteering,
convinced,
mandate,
hands,
time‐measured,
fixed‐time,
ease,
sometimes,
hesitant,
microsoft,
households,
discounts,
living,
healthy,
earning,
health‐related,
going,
required.13,
smoke,
detector,
discounted,
installation,
verification.14,
notifies,
battery,
sensors,
2019,
2025,
opt‐in,
time‐,
per‐unit,
reactive,
proactive,
strengthening,
deprioritize,
caught,
inconsistent,
emphasize,
noticeable,
customization,
makers,
selecting,
apathy,
marketing,
tie‐ins,
lucrative,
compels,
customer‐specific,
label,
outsourced,
loses,
vendors/utilities,
staff,
departments,
outsource/depend,
likelihood,
pooling,
ceases,
risk‐based,
non‐scale,
catering,
served,
covers,
jobs,
frequent,
part‐timers,
product‐specific,
bike,
smarter,
measuring,
time‐flexible,
event‐driven,
prosumer‐focused,
gig,
cover,
internet‐enabled,
mistakes,
miscoverage,
specializing,
modified,
inadvertent,
bulk,
familiarity,
aligns,
south,
persists,
undergoes,
restructuring,
de‐,
compromising,
lower‐margin,
theft,
useful,
spreading,
borders,
organically,
partner's,
tightly,
vertically,
modularized,
splitting,
pursing,
seemingly,
contradictory,
objectives,
equipment,
perceptions,
convincing,
ft.,
//www.ft.com/content/a0d04746‐d9bc‐11e6‐944b‐e7eb37a6aa8e,
sure,
//mashable.com/2017/02/23/elon‐musk‐tesla‐lifetime‐,
insurance/,
uyplmbietkq3,
update,
xxvi,
//www.swissre.com/library/ils_market_update_february_2017.html,
60+,
//www.airbnbaction.com/wp‐,
content/uploads/2016/03/airbnb_60_plus_women_report.pdf,
labs,
pay‐per‐use,
rideshare,
//www.insurancejournal.com/news/national/2017/04/03/446575.htm,
embraced,
//www.pwc.co.uk/issues/megatrends/collisions/sharingeconomy/outlook‐for‐the‐sharing‐economy‐in‐the‐uk‐2016.html,
swedish,
brings,
mobiles,
//www.businessinsider.com/bima‐brings‐microinsurance‐to‐africa‐asia‐and‐latin‐america‐via‐phones‐2016‐10,
instant‐approval,
//www.nerdwallet.com/blog/insurance/instant‐life‐insurance/,
//www.insurancejournal.com/news/international/2016/05/18/409001.htm,
recognized,
celent,
//finance.yahoo.com/news/church‐,
mutual‐recognized‐celent‐model‐190000478.html,
breaches,
felt,
//www.riskmanagementmonitor.com/cyber‐insurance‐purchasing‐up‐but‐breaches‐felt‐in‐prices‐and‐limits/,
program,
//www.jhrewardslife.com/how‐it‐works.html,
//nest.com/insurance‐partners/liberty‐mutual/,
quest,
4.0,
car,
//www.ey.com/publication/vwluassets/key_telematics_considerations_for_the_telecoms_sector/,
file/the_quest_for_telematics_ef0120.pdf,
cusp,
lay,
foundations,
catalysed,
efficiently,
satisfy,
gaining,
exposure‐specific,
protecting,
seamlessly,
third‐,
weaken,
incentivizes,
refocus,
understood,
discouraged,
programmableweb,
directory3,
german,
clearly,
user‐centred,
engages,
transferwise,1,
crédit,
agricole,
third‐largest,
download,
functionalities,
complement,
exposes,
developers,
cultivates,
encourages,
suggest,
ideas.2,
16000,
14000,
12000,
8000,
6000,
4000,
2000,
openness,
soft,
curate,
non‐incumbents,
value‐driven,
recapitalizing,
catch‐up,
smartphones,
internet‐,
trusting,
illustrated,
immediate,
starbucks,
lessons,
real‐world,
plateau,
eliminating,
jettisoning,
unprofitable,
maintain,
wherever,
bank/fintech,
trade‐off,
signed,
latter,
indicated,
contracts,
ramps,
up.4,
transferring,
zelle,
links,
share.5,
atm,
centre,
undertaken,
newer,
weighs,
extinct,
cobol,
riddled,
inefficiencies,
client‐facing,
cores,
patchwork,
specially,
ad‐hoc,
eventual,
rip,
prompt,
reliability,
enrichment,
money‐,
tools,7,
spend,
2018.8,
spending9,
compatibility,
privacy,
appeared,
component,
fulfill,
getting,
tend,
fell,
approached,
refocused,
optimizing,
defections,
visually,
robo‐branch,
opening,
videoconferencing,
robo‐banks,
called,
videoconference,
employee,
another,
location.10,
on‐,
site.11,
activated,
routine,
respondent,
netherlands,
re‐target,
desirable,
impacted,
unravelling,
trying,
weighed,
game,
changer,
light,
cyberinsecurity,
collections,
best‐,
of‐breed,
co‐branded,
isolated,
fill,
resulting,
broadly,
weakly,
enforced,
curator,
unified,
closely,
distort,
properly,
optimize,
hosting,
maximize,
best‐of‐,
breed,
full‐service,
plagued,
scandal,
breach,
trustworthy,
oligopolistic,
sandboxes,
intensifying,
preserving,
buying,
shelf,
cross‐entity,
extends,
bundled,
umbrella,
unbundled,
pieces,
staying,
falls,
suits,
aided,
operator,
owning,
consistently,
overcoming,
formation,
perhaps,
101,
wanted,
subsidize,
image,
client‐centric,
beneficiaries,
confused,
overwhelmed,
legislations,
clarify,
liable,
branding,
winners,
feed,
virtuous,
imperatives,
proficiency,
win‐win,
//www.theinvestmentobserver.co.uk/tech/2017/05/11/european‐challenger‐bank‐n26‐390hoia2/,
agricole's,
//www.americanbanker.com/news/open‐api‐for‐bank‐apps‐,
can‐credit‐agricoles‐model‐work‐here,
//nordicapis.com/tracking‐the‐growth‐of‐the‐api‐economy/,
something,
akin,
gold,
//www.nytimes.com/2017/03/23/business/dealbook/banks‐and‐tech‐firms‐battle‐over‐something‐akin‐to‐gold‐your‐data.html,
_r=0,
//www.theverge.com/2017/6/12/15782328/zelle‐us‐banks‐instant‐,
payment‐processing‐app‐venmo‐square‐cash,
operational,
reap,
//www.bcgperspectives.com/content/articles/financial‐institutions‐technology‐digital‐retail‐bank‐operational‐digital‐leaders‐reap‐rewards/,
ranks,
javelin,
awards,
//www.prnewswire.com/news‐releases/bbva‐,
compass‐ranks‐in‐top‐group‐in‐2016‐javelin‐online‐banking‐leader‐awards‐300364391.html,
stages,
stephen,
orban,
//medium.com/aws‐enterprise‐,
collection/capital‐ones‐cloud‐journey‐through‐the‐stages‐of‐adoption‐bb0895d7772c,
achilles,
heel,
//thefinancialbrand.com/58786/core‐banking‐legacy‐systems‐marketing/,
tellers,
blacksmiths,
//www.washingtonpost.com/business/economy/bank‐tellers‐are‐the‐next‐,
blacksmiths/2017/02/08/fdf78618‐ee1c‐11e6‐9662‐6eedf1627882_story.html,
utm_term=.60a9e8ce7881,
//www.prnewswire.com/news‐releases/santander‐bank‐,
empowers‐new‐customers‐with‐the‐wow‐factor‐300463961.html,
edition,
//www.bain.com/publications/articles/customer‐loyalty‐in‐retail‐banking‐,
2016.aspx,
104,
threatened,
lean,
worthiness,
prowess,
low‐credit,
106,
bring,
107,
qualify,
bolster,
unstructured,
siloed,
iteration,
adjustments,
lag,
best‐in‐class,
approaches,
fare,
macro‐credit,
108,
lost,
progressively,
repay,
machine‐learning,
assists,
analysing,
internet,
scoring,
data.1,
59.2,
63.3,
48.8,
41.1,
23.7,
demonstrating,
contraction,
deem,
appropriate,
109,
placing,
intervention,
auto‐adjudicated,
mainframes,
bridges,
ends,
demanded,
cost‐saver,
middleware,
looked,
fintech‐driven,
overhauling,
110,
fintech‐bank,
quicken,
verify,
creditworthiness,
reducing,
latency,
errors.3,
roughly,
near‐term,
reorient,
scalable,
ondeck‐,
as‐a‐service,
model.4,
promoter,
score,
lender5,
satisfaction,
impeding,
competitiveness,
111,
jumping,
fray,
receivable,
pre‐emptively,
helps,
112,
player,
defaults,
withhold,
merchants.6,
suppliers,
requests,
fees.7,
lending6,
stopping,
113,
price‐sensitive,
scratch,
analog,
mail,
well‐defined,
perceived,
lesser‐known,
two‐sided,
initially,
pulled,
volatility,
114,
consortium,
months.8,
student,
diversify,
funding.10,
lender.10,
+25,
795,
635,
+13,
530,
470,
opex,
optimization,
blurs,
price‐,
sensitive,
resolve,
115,
arise,
altered,
multitude,
preference,
116,
indispensable,
originate,
117,
attempts,
former,
stabilize,
outperform,
118,
regular,
venue,
stemming,
sections,
cede,
occurs,
119,
cost‐commoditization,
considerable,
disadvantages,
shared‐service,
absolute,
rating,
agencies,
reductions,
differentiators,
software‐as‐a‐,
expenditures,
granularity,
fall,
issued,
expenses,
121,
horizontally,
partners',
anticipate,
locked,
medium‐sized,
122,
aggregators,
unregulated,
proactively,
in‐app,
pull,
negotiations,
123,
unless,
reoriented,
signals/data,
124,
introduces,
//finance.yahoo.com/news/zestfinance‐introduces‐machine‐learning‐platform‐150000764.html,
//www2.deloitte.com/content/dam/deloitte/us/documents/financial‐,
services/us‐fsi‐markeplace‐lending2.pdf,
//time.com/money/4129146/quicken‐loans‐8‐minute‐mortgage/,
inside,
j.p.,
deck,
//www.wsj.com/articles/inside‐j‐p‐morgans‐deal‐with‐on‐deck‐capital‐,
1451519092,
//www.ey.com/publication/vwluassets/ey‐understanding‐alternative‐lending/,
file/ey‐understanding‐alternative‐,
lending.pdf,
lent,
//www.techspot.com/news/69665‐amazon‐has‐lent‐over‐3‐billion‐merchants‐,
since.html,
hsbc's,
//www.cityam.com/262044/hsbcs‐partnering‐fintech‐startup‐tradeshift‐offer‐trade,
inks,
loan‐buying,
soros,
jefferies,
//www.wsj.com/articles/prosper‐inks‐5‐,
billion‐loan‐buying‐dealwith‐investors‐including‐soros‐jefferies‐1488222470,
charter,
//techcrunch.com/2017/06/12/sofi‐applies‐to‐be‐a‐bank/,
41.2,
//www.cnbc.com/2017/06/02/zopa‐raises‐41‐point‐2‐million‐for‐challenger‐bank‐,
launch.html,
phenomenon,
//www2.deloitte.com/content/dam/deloitte/uk/documents/financial‐services/deloitte‐uk‐fs‐marketplace‐lending.pdf,
125,
marked,
data‐driven,
formulas,
right,
manufacture,
127,
shaped,
128,
abandon,
allocation,
baby,
boomers,
predominantly,
self‐managed,
stepped,
citing,
mis‐selling,
scandals,
dissatisfaction,
unintended,
consequence,
polices,
accustomed,
settings,
129,
masses,
mass‐,
affluent,
minimums,
5,000,
aiming,
wealthfront.1,
department,
elevate,
planning,
bound,
ethically,
status,
authority's,
attractive.2,3,
retail/dc,
year‐end,
aum,
duty,
period,
130,
non‐core,
compression,
least,
replacing,
soon,
derived,
excellence,
deteriorate,
131,
drastically,
wannacry,
cyberattack,
prices.5,
brokerage,
commissions.6,
quantopian,
openfolio,
stocktwits,
addepar's*,
650,
700,
jan‐16,
jun‐17,
strike,
division,
132,
diminishing,
competed,
lowest‐cost,
charging,
inevitable,
133,
passive,
proponent,
index,
benefited,
grapples,
823,
8.5,
combined.8,
ambitious,
plan,
rules‐based,
investing.9,
budget,
intermediary,
administrative,
volatile,
macro,
stem,
134,
co‐opted,
underscored,
intangible,
135,
47.0,
tech‐enabled,
self‐,
directed,
classes.12,
12.3,
6.7,
4.4,
2.9,
co‐opting,
14.,
15.,
136,
composition,
job,
137,
condition,
delivers,
algorithm‐driven,
categories,
platform‐as‐a‐service,
consolidated,
afford,
138,
renaissance,
guaranteeing,
calculators,
visualizations,
mind,
semi‐guaranteed,
liabilities,
holding,
breaking,
management/banking,
accepted,
gig‐economy,
139,
prevent,
options,
risk‐averse,
duality,
goal‐based,
value‐based,
mobile/online,
decision‐,
practices,
corresponding,
supervision,
embraces,
touch,
repayments,
units,
141,
transparent,
savvy,
service‐based,
product‐,
ai‐driven,
interpret,
142,
low‐,
incentivizing,
except,
bifurcates,
substantially,
cloud/platform‐as‐a‐service,
143,
threats,
errors,
undifferentiated,
organizational,
contained,
144,
industry‐wide,
commoditizing,
consequently,
personalization,
advice‐driven,
mark,
robo‐investors,
high‐net‐wealth,
emotional,
145,
portfolios,
//intelligent.schwab.com/,
dol,
5th,
//www.investopedia.com/updates/dol‐fiduciary‐rule/,
ixzz4eohksxqf,
secretary,
acosta,
concedes,
stopped,
9th,
//www.forbes.com/sites/jamiehopkins/2017/05/23/labor‐secretary‐acosta‐concedes‐fiduciary‐rule‐,
‐be‐legally‐stopped‐before‐june‐9th/,
74d3e7f41e82,
cybersecurity,
jump,
'wannacry',
attack,
//www.cnbc.com/2017/05/15/cybersecurity‐stocks‐surge‐on‐fears‐wannacry‐,
cyberattack‐isnt‐over.html,
integrations,
//blog.robinhood.com/news/2015/11/20/new‐integrations,
addepar,
//www.finextra.com/pressarticle/69579/addepar‐raises‐140‐million,
everybody,
else,
//www.nytimes.com/2017/04/14/business/mutfund/vanguard‐,
mutual‐index‐funds‐growth.html,
//www.nytimes.com/2017/03/28/business/dealbook/blackrock‐actively‐managed‐funds‐computer‐,
models.html,
action=click,
pgtype=homepage,
clicksource=story‐heading,
module=first‐column‐region,
region=top‐news,
wt.nav=top‐news,
_r=1,
fittest,
//www.caseyquirk.com/whitepapers.html,
//www.forbes.com/sites/samanthasharf/2015/08/26/blackrock‐to‐,
buy‐futureadvisor‐signaling‐robo‐advice‐is‐here‐to‐stay/,
7328c3603023,
custom,
//www.macquarie.com/ph/about/newsroom/2016/ownersadvisory‐by‐macquarie‐to‐provide‐custom‐investment‐advice‐online,
//www.aboutschwab.com/investor‐relations/annual‐report,
//www.businessinsider.com/wealthfront‐review,
//www.businessinsider.com/betterment‐review,
rolls,
robo‐hybrid,
//www.forbes.com/sites/janetnovack/2015/05/05/vanguard‐rolls‐out‐new‐robo‐hybrid‐advisor‐service‐with‐17‐billion‐in‐assets/,
142e01d545c0,
cyborg,
takeover,
//www.bloomberg.com/news/articles/2016‐03‐24/the‐vanguard‐cyborg‐takeover,
//www.investopedia.com/tech/top‐robo‐advisors/,
146,
expert‐led,
crowdfunding‐as‐a‐service,
uk‐based,
expert‐backed,
signal,
trustworthiness,
early‐stage/seed,
unlisted,
pre‐sales,
ico,
148,
infancy,
149,
delay,
flowing,
capitalists,
overlooking,
attitudes,
explosion,
tech‐based,
£10,
listed,
£85,
deals,
45,000,
investments.1,
nine,
founded,
460,
3,500,
investors.2,
3‐year,
cagr3,
2012‐2015,
fund/,
estate,
249,
0.1,
maturing,
inaccessible,
aversion,
151,
attempt,
relaxed,
relaxing,
ensures,
unreasonably,
taken,
light‐touch,
imposed,
harsher,
deteriorating,
caliber,
desperate,
divergence,
diverged,
globally,
treat,
hampers,
152,
enthusiast,
smartwatch,
non‐equity,
kickstarter,
pre‐sale,
pointing,
chose,
accreditation,
websites,
incorporates,
platforms.5,
country6,
non‐qualified,
audited,
statements,
certify,
£5m,
protections,
converge,
153,
seen,
disillusioned,
disappointing,
unlike,
sizeable,
performing,
relying,
affiliations,
outsized,
powers,
analogous,
performed,
154,
overvalued,
scottish,
craft,
leveraged,
advocates,
campaign,
date,
£15,
inaccuracies,
promotional,
materials.7,
investor‐,
validate,
terms.8,
305,
camden,
adnam's,
priced,
educational,
empower,
eventually,
meaningful,
sme,
sustain,
immaturity,
gauge,
laws,
illiquid,
realize,
temporarily,
prospect,
researching,
cottage,
simplicity,
accessibility,
wider,
accessed,
156,
committed,
investors.10,
digital‐first,
process.11,
2011‐2016,
216,
re‐raised,
sustaining,
567,
workable,
collaborate,
11.,
157,
stability,
legitimacy,
educate,
macroeconomic,
158,
profit‐,
oriented,
achieves,
impact‐oriented,
inter‐,
yield,
arrives,
rivals,
catches,
socially,
worthwhile,
degrees,
interested,
stifle,
impactful,
dedicated,
care,
input,
social‐focused,
located,
161,
obvious,
record‐keeping,
market's,
results,
confidence,
162,
supports,
underdeveloped,
163,
done,
low‐yield,
accesses,
preparing,
relegate,
prototyping,
low‐return,
higher‐yield,
tentative,
successes,
164,
allocate,
high‐return,
intermediation,
higher‐,
bad,
eggs,
capital/liquidity,
accessing,
incorporation,
recency,
icos,
mechanism,
166,
tops,
//www.seedrs.com/learn/blog/crowdfunding‐,
tops‐private‐equity‐investments‐for‐2016‐with‐seedrs‐leading‐the‐charge,
//angel.co/help,
ajay,
agrawal,
catalini,
avi,
goldfarb,
//www.nber.org/chapters/c12946.pdf,
//crowdfundbeat.com/2016/05/14/crowdengine‐first‐to‐,
offer‐regulation‐cf‐crowdfunding‐software/,
//publications.jrc.ec.europa.eu/repository/bitstream/jrc92482/lbna26992enn.pdf,
practice,
//papers.ssrn.com/sol3/papers.cfm,
abstract_id=2842752,
//www.telegraph.co.uk/business/2016/04/09/will‐investing‐in‐brewdog‐ever‐make‐you‐money/,
//www.syndicateroom.com/faqs,
barking,
mad,
//www.forbes.com/sites/goncalodevasconcelos/2015/05/27/valuations‐in‐,
crowdfunding‐are‐we‐all‐barking‐mad/,
47d493665424,
//www.forbes.com/sites/davidprosser/2016/07/21/crowdcube‐plans‐,
secondary‐market‐for‐equity‐crowdfunding/,
6885227e2991,
//www.businesswire.com/news/home/20161215006121/en/blackrock‐invest‐,
ae‐network,
//www.altfi.com/download/where_are_they_now_2016,
basel,
iii,
over‐the‐counter‐driven,
facilitates,
continuum,
169,
unevenly,
over‐the‐counter,
170,
demand/supply,
suitable,
buyers,
sellers,
securing,
electrification,
indirect,
nudges,
best‐execution,
homogenous,
fits,
migrated,
171,
10m,
stake,
focuses,
phone1,
derivatives,
venue.2,
accounted,
late,
adjust,
disintermediating,
sell‐,
172,
upheld,
equivalence,
calling,
reforms,
dodd‐frank,
enacted,
relic,
revisit,
crisis‐era,
widespread,
enveloped,
post‐2016,
slowing,
formed,
interconnectivity,
journeys,
geopolitical,
173,
political‐derived,
agenda,
body,
right‐size,
footprint,
dodd‐,
frank,
act.4,
objective,
reduction,
excessive,
indicated5,
post‐brexit,
third‐country,
residing,
brexit‐related,
20166,
10q,
quarterly,
10k,
end‐of‐year,
pivot,
predict,
trigger,
freed‐up,
old,
174,
known,
prevailing,
elimination,
upending,
175,
betting,
depository,
corporation,
rebuild,
life‐cycle,
databases,
obsolete.7,
blockoneiq,
oracle,
cryptographic,
proof,
perquisite,
contract,
explored,
cases8,
2009‐2015,
transactional,
information‐related,
profiting,
co‐operation,
capital‐,
prerequisites,
176,
entered,
survivors,
winning,
cross‐product,
synergies,
adaptation,
promising,
reluctance,
disturb,
characterizing,
customer‐friendly,
technology‐driven,
inertia,
ideal,
enriching,
continuously,
177,
algomi.10,
centralized,
venues,
client‐to‐dealer,
filed,
liquidation,
lacked,
converting,
matches,
fintech‐run,
capitalize,
predictable,
178,
hindered,
garner,
deregulation,
masse,
consolidating,
data‐focused,
custody,
structures,
leave,
freed,
intuitive,
workflows,
heightening,
surprising,
onto,
stable,
favourable,
executed,
181,
facilitate,
benefiting,
tracing,
multilateral,
182,
encroach,
monetizing,
robust,
183,
data‐heavy,
constituents,
infrastructures,
184,
depositories,
guarantor,
frees,
moves,
technology‐based,
constantly,
cooperative,
activity,
185,
buy‐,
revamp,
consortia,
non‐differentiating,
blockchain‐related,
harder,
186,
insufficiency,
minimum,
cooperating,
sphere,
medium,
large‐scale,
treatment,
emerging‐market,
shorten,
187,
buys,
soros‐backed,
//www.ft.com/content/d32a786a‐635a‐11e7‐8814‐,
0ac7eb84e5f1,
mhq5j=e2,
//tt.efnevents.com/shortlist/best‐fixed‐income‐trading‐platform/,
settlements,
//www.bis.org/publ/mktc07.pdf,
remarks,
42nd,
boca,
raton,
florida,
//www.cftc.gov/pressroom/speechestestimony/opagiancarlo‐20,
lock‐out,
//www.risk.net/regulation/mifid/4778566/eu‐regulators‐consider‐mifid‐,
electronic‐trading‐lock‐out,
sec,
trump,
administration,
lexology.com,
//www.lexology.com/library/detail.aspx,
g=3573f703‐ddec‐483f‐a53d‐9cba0201634f,
startups,
blockchain‐based,
//www.forbes.com/sites/laurashin/2017/01/09/dtcc‐selects‐partners‐for‐blockchain‐solution‐for‐credit‐default‐swaps/,
28c877395061,
releases,
blockone,
developer,
//www.thomsonreuters.com/en/press‐,
releases/2017/june/thomson‐reuters‐releases‐blockone‐iq‐into‐blockchain‐developer‐community.html,
there's,
'hot‐button',
//www.businessinsider.com/stock‐exchanges‐,
market‐data‐cost‐becoming‐big‐issue‐2016‐10,
invests,
//www.algomi.com/company‐news/euronext‐invests‐in‐algomi‐and‐expands‐jv‐1,
auction,
backups,
boring,
//www.bloomberg.com/view/articles/2015‐07‐23/auction‐backups‐and‐boring‐regulation,
//fia.org/sef‐tracker,
188,
includes,
authors,
pearce,
zhang,
co‐author,
special,
dominik,
hermann,
shrija,
bajpai,
kerry,
butts,
alexander,
carbone,
julia,
spirito,
alexandra,
durbak,
abel,
jack,
luan,
alonzo,
neese,
vlad,
oncescu,
christine,
robson,
seltzer,
elaine,
accelerator,
school,
mikaal,
abdulla,
amy,
billy,
alvarado,
amato‐gauci,
andy,
ambrose,
giles,
andrews,
attia,
bailey,
andre,
bajorat,
rachel,
bale,
luc,
beaudry,
brock,
blake,
blomfield,
anne,
boden,
francis,
bouchard,
mary,
kay,
bowman,
eli,
brill,
bart,
brouwer,
ryan,
caldwell,
calmejane,
cappell,
bill,
cecil,
chai,
libby,
chambers,
sonika,
chandra,
donald,
chapman,
chen,
ron,
chiong,
raju,
chithambaram,
colucci,
compareasiagroup,
liveoak,
dataminr,
figo,
fintrac,
moody's,
lendio,
monzo,
hamilton,
square,
farm,
modo,
pat,
cronin,
cruzado,
cyprys,
giovanni,
dapra,
davidson,
dempsey,
rodger,
desai,
ken,
dewoskin,
dickinson,
dixson,
dresner,
kirk,
dudtschak,
dueweke,
egan,
ellison,
faes,
faucette,
feichtinger,
benjy,
feinberg,
pol‐erwan,
fritz,
debbie,
gamble,
gever,
mckellar,
liam,
gillligan,
beatriz,
gimenez,
monlleo,
rasmus,
goksor,
goldstein,
kellie,
goodwin,
gorfine,
graham,
betsy,
graseck,
joe,
guastella,
manu,
gupta,
julien,
hammerson,
moneyfarm,
morningstar,
occ,
payfone,
equitable,
nasdaq,
jpm,
idpay,
anthemis,
lendinvest,
behalf,
interac,
cme,
commonwealth,
bison,
lakestar,
calastone,
191,
hanley,
naureen,
hassan,
havasi,
jörg,
hessenmüller,
taavet,
hinrikus,
bianca,
kent,
jon,
hocking,
brent,
homan,
sunsy,
chuck,
hounsell,
huan,
hutton,
jurgen,
ingels,
ireland,
sriram,
iyer,
cedric,
jeannot,
cai,
jian,
jing,
garri,
jones,
bjorn,
jungerkes,
ankur,
kamalia,
kang,
adam,
kansler,
elizabeth,
karen,
kerrigan,
keys,
shirine,
khoury‐haq,
hwan,
kim,
kimerling,
doug,
king,
charaka,
kithulegoda,
royal,
scotland,
luminoso,
clare.ai,
spectrum28,
opc,
lynch,
smartfin,
icici,
aprivacy,
miao,
numis,
savedo,
paynearme,
ihs,
markit,
consensys,
silicon,
valley,
mcs,
atb,
klier,
ling,
norris,
koppel,
dinesh,
krishnan,
amar,
kuchinad,
claude,
kurzo,
mary‐catherine,
lader,
caroline,
lamaud,
joel,
lambert,
larsen,
laurence,
latimer,
wei‐lin,
jiang,
lei,
winnie,
leung,
zhong,
marc,
lipman,
caitlin,
jorge,
lópez‐aranda,
colm,
lyon,
mackinlay,
mak,
mehdi,
manaa,
manners,
emmanuel,
marot,
martini,
heather,
masterson,
matthews,
todd,
mcdonald,
kirill,
menshov,
merkel,
douglas,
merrill,
tng,
wallet,
dianrong.com,
monese,
zafin,
electronifie,
anaxago,
ripple,
iex,
acadamy,
incubator,
moneris,
shulaibao,
symbiont,
fire,
omers,
ironfly,
ecb,
lendingrobot,
generali,
travelers,
augmentum,
otkritie,
192,
mesny,
moffat,
brody,
mulderig,
zaydoon,
munir,
huy,
nguyen,
trieu,
ramin,
niroumand,
benedicte,
nolens,
sharon,
olexy,
iliana,
oris,
valiente,
sasha,
orloff,
henrik,
otterson,
kai,
pan,
peve,
benjamin,
phillips,
jan,
pilbauer,
marta,
plana,
polonsky,
preston,
quan,
shameez,
rabdi,
glenn,
regan,
renton,
riley,
roche,
roger,
rosa,
shawn,
faye,
sahai,
ketan,
samani,
kate,
sampson,
sanborn,
finleap,
colliderx,
invesdor,
origin,
metromile,
cfpb,
ontario,
ministry,
lendit,
neat,
scotiabank,
lyft,
eurex,
sigfig,
broadhaven,
tala,
finanser,
spotcap,
viewpost,
fidelity,
kabbage,
intesa,
sanpaolo,
jean‐luc,
savignac,
andreas,
schertzinger,
sha,
beth,
shah,
sidgmore,
siddharth,
singh,
shivani,
siroya,
travis,
skelly,
skinner,
gordon,
sobel,
benoit,
speybrouck,
spitz,
karl,
sponholz,
stackhouse,
stark,
philippe,
stephan,
strickland,
taussig,
massimo,
tessitore,
clark,
thompson,
tidswell‐norrish,
edward,
twiddy,
luis,
valdich,
greg,
den,
bergh,
micai,
katleen,
gheel,
geert,
mol,
vienick,
philipp,
von,
der,
schulenburg,
walchek,
shroders,
atom,
troy,
193,
wan,
harry,
wang,
wei,
darryl,
ivar,
wiersma,
grant,
ray,
yang,
brad,
yankiver,
ypsilanti,
nina,
zhu,
chartered,
linear,
etrading,
marathon,
quantifeed,
radian,
194,
giancarlo.bruno,
drexler,
michael.drexler,
196,
