the,
and,
for,
...,
financial,
are,
with,
will,
their,
that,
customers,
identity,
from,
institutions,
data,
services,
market,
more,
have,
platforms,
new,
digital,
customer,
key,
information,
world,
can,
bank,
products,
insurance,
traditional,
alternative,
investors,
payment,
investment,
banks,
economic,
2016,
forum,
payments,
risk,
not,
uncertainties,
capital,
implications,
this,
end,
may,
how,
access,
value,
systems,
findings,
through,
providers,
management,
lending,
these,
insurers,
transactions,
processes,
future,
system,
provide,
they,
dlt,
potential,
technology,
would,
regulatory,
process,
scenario,
has,
use,
opportunities,
risks,
business,
states,
intermediaries,
regulators,
users,
into,
large,
solutions,
introduction,
all,
incumbents,
user,
conclusion,
asset,
become,
global,
what,
need,
smart,
fis,
equity,
platform,
many,
between,
models,
service,
its,
transfer,
over,
infrastructure,
trading,
e.g.,
industry,
credit,
automated,
funding,
other,
markets,
within,
individual,
ecosystem,
case,
transaction,
attributes,
firms,
banking,
across,
online,
which,
must,
time,
product,
entities,
ability,
increased,
needs,
such,
wealth,
role,
mobile,
scale,
assets,
but,
who,
where,
distributed,
costs,
investor,
based,
deloitte,
crowdfunding,
impact,
critical,
focus,
sources,
core,
different,
trade,
contract,
allow,
network,
lenders,
activities,
state,
project,
e.g,
capabilities,
some,
cost,
offer,
benefits,
high,
due,
distribution,
number,
development,
experience,
additional,
schemes,
also,
lead,
via,
conditions,
money,
them,
retrieved,
individuals,
while,
shift,
compliance,
funds,
control,
innovation,
settlement,
increasing,
loan,
could,
one,
create,
underwriting,
summary,
improve,
retail,
gain,
group,
increase,
limited,
able,
managers,
directly,
loss,
fintechs,
innovations,
emerging,
competitive,
connected,
entity,
each,
companies,
required,
cards,
set,
private,
lower,
chain,
than,
ledger,
existing,
studies,
faster,
legal,
partnerships,
growth,
today,
improved,
less,
channels,
enable,
view,
current,
single,
associated,
should,
following,
competition,
share,
technologies,
account,
parties,
make,
change,
merchants,
claims,
investments,
players,
card,
personal,
support,
both,
most,
significant,
model,
reduce,
sellers,
head,
adoption,
increasingly,
providing,
ceo,
been,
among,
standards,
without,
using,
supporting,
loans,
raising,
reduced,
buyers,
proxy,
accounts,
transparency,
efficiency,
strategy,
around,
regulator,
finding,
mass,
incumbent,
multiple,
open,
exchange,
borrowers,
authentication,
report,
order,
businesses,
evidence,
result,
counterparty,
approach,
solution,
being,
strategies,
overall,
counterparties,
offerings,
provides,
pressure,
external,
networks,
low,
lack,
implementation,
requirements,
ownership,
trust,
develop,
execution,
interest,
level,
fees,
act,
trusted,
experts,
questions,
government,
small,
landscape,
rise,
real‐time,
member,
used,
require,
niche,
rps,
director,
higher,
continue,
venture,
stakeholders,
better,
savings,
smaller,
complete,
manual,
idps,
entrants,
enabling,
visibility,
however,
life,
https,
institutional,
only,
2015,
tools,
central,
custodian,
creating,
about,
making,
chief,
executive,
changes,
deposits,
ensure,
deliver,
social,
facilitate,
public,
details,
participants,
including,
processing,
team,
security,
liquidity,
scenarios,
regulations,
build,
context,
rails,
continued,
demand,
current‐state,
section,
advice,
relationships,
two,
established,
points,
compete,
physical,
attribute,
three,
automation,
direct,
those,
cash,
marketplace,
commercial,
contracts,
company,
clients,
structure,
analysis,
against,
when,
leading,
offering,
finance,
corporation,
allows,
major,
party,
connectivity,
revenue,
reducing,
sender,
non-traditional,
disruptive,
sector,
well,
characteristics,
tech,
example,
necessary,
cases,
devices,
specific,
regulation,
institution,
history,
leveraging,
diligence,
rehypothecation,
coco,
matter,
does,
description,
were,
allowing,
delivery,
important,
shifting,
return,
local,
best,
benefit,
third,
subject,
partner,
challenge,
machines,
shared,
http,
move,
voting,
claim,
like,
since,
manage,
base,
price,
clearing,
various,
servicing,
externalisation,
disruption,
work,
available,
officer,
out,
often,
channel,
creation,
audit,
even,
human,
becomes,
net,
sophisticated,
driving,
partners,
consumers,
face,
own,
likely,
developed,
environment,
standard,
drive,
insurer,
policies,
future‐state,
beyond,
growing,
canada,
successful,
leverage,
stored,
highly,
decentralised,
corporate,
building,
adjudication,
significantly,
liability,
fraud,
collection,
early,
applications,
usage,
loyalty,
bond,
currently,
post‐trade,
goods,
2017,
international,
any,
was,
form,
merchant,
secure,
greater,
same,
strong,
quantitative,
source,
smarter,
functions,
bonds,
trades,
idp,
managing,
forces,
help,
choose,
receive,
larger,
review,
efforts,
further,
invest,
meet,
challenges,
options,
collateral,
certain,
under,
means,
determine,
broader,
therefore,
evolve,
sharing,
monitor,
easily,
offers,
advantages,
analytics,
legacy,
difficult,
first,
consolidation,
track,
monitoring,
virtual,
levels,
preferences,
flow,
transparent,
fintech,
years,
provider,
especially,
exist,
margins,
kyc,
expand,
position,
choice,
mean,
narrative,
records,
coverage,
secondary,
participate,
provisioning,
real-time,
provided,
securities,
outcomes,
pay,
segments,
back,
importance,
particularly,
similar,
lines,
accurate,
operational,
worth,
algorithmic,
assessment,
tax,
opportunity,
ecosystems,
total,
changing,
relationship,
rates,
currency,
improving,
response,
accuracy,
statements,
trigger,
correspondent,
arranger,
traders,
involved,
professional,
operating,
understand,
overview,
away,
entry,
start‐ups,
thus,
profitability,
sell,
potentially,
primary,
streamlined,
enables,
syndicate,
on…,
working,
understanding,
power,
100,
real,
range,
grow,
point,
effectively,
choices,
governance,
instead,
standardized,
pain,
adopt,
paints,
valuable,
health,
requires,
relying,
why,
acknowledgements,
basis,
swift,
innovative,
themselves,
profit,
towards,
quickly,
advanced,
protection,
designed,
trends,
sufficient,
initiate,
very,
volume,
decision,
framework,
relevant,
made,
much,
serve,
internal,
national,
partnership,
seamless,
driven,
remain,
selection,
financing,
after,
events,
beneficiary,
issues,
llp,
fund,
analyses,
rapidly,
rapid,
barriers,
several,
automate,
differentiate,
purchase,
aggregation,
reporting,
evolution,
next,
cashless,
disaggregation,
pricing,
operations,
perform,
date,
electronic,
transform,
request,
insuree,
united,
responsible,
morgan,
launched,
still,
take,
success,
origination,
becoming,
connections,
previously,
accessible,
find,
organization,
built,
common,
big,
million,
meant,
frequency,
remaining,
represent,
increases,
billion,
community,
privacy,
resulting,
broker,
citizens,
documents,
transferred,
syndicated,
particular,
expertise,
members,
senior,
office,
research,
blockchain,
manufacturers,
identify,
economies,
engagement,
balance,
pressures,
signs,
limiting,
decrease,
country,
creates,
popularity,
governments,
economy,
limits,
advantage,
p2p,
resources,
non‐financial,
full,
supply,
performance,
efficient,
affluent,
factors,
errors,
executed,
statement,
capacity,
rules,
protocols,
returns,
expectations,
improvements,
now,
start,
store,
advisory,
interact,
either,
amount,
play,
consumer,
areas,
transfers,
income,
experiences,
third‐party,
issuers,
effective,
integration,
sophistication,
algorithms,
complex,
there,
ensuring,
another,
decisions,
during,
rather,
default,
wallet,
ratio,
commoditised,
savers,
interviews,
our,
detailed,
leaders,
john,
portfolio,
ways,
innovators,
function,
rate,
technological,
engage,
manufacturing,
distributors,
behaviour,
countries,
occur,
patterns,
playing,
five,
losses,
comprehensive,
connect,
insurtechs,
interests,
population,
flexible,
integrated,
eliminating,
capability,
defined,
natural,
intermediary,
interoperability,
importer,
import,
absorption,
series,
collaboration,
organizations,
action,
successfully,
establish,
techs,
streamline,
connecting,
place,
brand,
retailers,
seek,
throughout,
design,
purpose,
amazon,
given,
match,
once,
look,
emerged,
depending,
degree,
groups,
lose,
exposure,
participation,
knowledge,
operator,
question,
projects,
consent,
export,
votes,
terms,
insights,
leadership,
contact,
taking,
guidance,
mastercard,
thomson,
reuters,
2014,
focused,
illustrate,
held,
dependent,
connection,
reach,
rely,
collect,
apps,
achieve,
examples,
addition,
storage,
times,
wallets,
hedge,
created,
telematics,
margin,
quality,
stickiness,
speed,
agencies,
centralized,
profiles,
historical,
generated,
submission,
percentage,
peer-based,
address,
ongoing,
consulting,
crisis,
stakeholder,
possible,
b2b,
workshops,
behaviours,
acquire,
expansion,
error,
tracking,
european,
robo‐advisors,
fewer,
developing,
features,
enforcement,
investing,
australia,
fee,
field,
tailored,
area,
term,
typically,
machine,
methods,
poor,
emerge,
considered,
facilitates,
classes,
customs,
calculation,
3rd,
standardised,
high-risk,
see,
affect,
michael,
visa,
reports,
proliferation,
wide,
longer,
whether,
capture,
target,
proposition,
jurisdictions,
problems,
record,
and/or,
majority,
agreement,
incentives,
home,
types,
generation,
erosion,
age,
traditionally,
agreements,
client,
enabled,
differentiated,
low‐cost,
volatility,
aspects,
condition,
above,
results,
behalf,
topic,
dimensions,
decreased,
pledged,
exporter,
depiction,
cast,
empowerment,
personalised,
part,
rob,
property,
shape,
strategic,
manager,
represents,
clear,
fully,
identified,
sets,
aggregate,
scope,
sustainable,
participating,
variety,
complexity,
takeaways,
acceptance,
background,
average,
generate,
alternatives,
hold,
policy,
rewards,
event,
size,
premiums,
nature,
onboarding,
safe,
uncertainty,
proven,
verify,
rating,
crowd,
discovery,
news,
reduction,
explored,
eliminate,
accrue,
recipient,
assess,
alignment,
specialised,
dttl,
oversight,
deutsche,
paul,
four,
every,
deep,
futures,
dominant,
flows,
archetypes,
roles,
profitable,
decline,
distribute,
competing,
force,
confirmation,
offered,
stress,
failure,
simple,
might,
leads,
regional,
suited,
largely,
uncertain,
references,
recent,
already,
adapt,
limit,
exists,
issuing,
get,
profile,
cheaper,
good,
economics,
give,
interaction,
analyse,
mail,
issued,
reduces,
liabilities,
ventures,
activity,
gratitude,
cross,
authenticate,
transact,
delivered,
assurance,
letter,
registry,
obtained,
disintermediation,
shares,
forward,
weforum.org,
related,
please,
leader,
stanley,
note,
annual,
outlook,
past,
paths,
enter,
apple,
china,
switch,
monetization,
drivers,
externalization,
know,
others,
shopping,
needed,
frequently,
people,
actions,
revenues,
diverse,
europe,
path,
holds,
currencies,
bitcoin,
marketplaces,
raise,
focusing,
concerns,
flexibility,
convenience,
difficulty,
cars,
underserved,
agent,
cloud,
newer,
approval,
active,
consolidated,
seed,
otc,
credentials,
vote,
aml,
principal,
inspection,
auditor,
diversified,
low-risk,
seed-stage,
galaski,
david,
barclays,
transformative,
evolutionary,
broad,
last,
parts,
rising,
workforce,
utilities,
seeking,
authority,
middle,
suite,
interactions,
requiring,
moving,
challenging,
house,
greatly,
circa,
functionality,
differ,
stores,
forbes,
free,
apis,
spending,
auto,
accurately,
daily,
vehicles,
maturity,
begin,
replace,
funded,
diversification,
categories,
class,
fixed,
body,
proof,
minimum,
contributed,
perspectives,
validation,
mechanisms,
reliable,
costly,
contingent,
fiat,
issuance,
adjuster,
shipment,
real-life,
steering,
committee,
jesse,
mcwaters,
publication,
ubs,
define,
consider,
facilitated,
met,
pools,
utilizing,
systemic,
location,
reinsurer,
psd2,
cater,
add,
acts,
uses,
intelligence,
guide,
remains,
adopted,
push,
integrate,
sales,
top,
fragmentation,
grows,
spread,
prices,
because,
emergence,
challenger,
transferring,
then,
upstream,
breach,
regulated,
viable,
robo‐advisory,
right,
commission,
numbers,
instruments,
conducted,
continuously,
alphabetical,
andrew,
unique,
inefficient,
filing,
verified,
behavioural,
truth,
tupas,
automatically,
convertible,
participant,
binding,
discussed,
co-founder,
predictions,
intermediating,
consistent,
chairman,
independent,
accounting,
before,
robert,
president,
hsbc,
dtcc,
peter,
van,
meeting,
chains,
upon,
phase,
shaping,
geographies,
cycle,
agility,
differentiation,
down,
protect,
partnering,
few,
adding,
implementing,
compared,
attractive,
frameworks,
unclear,
gap,
resolution,
paypal,
select,
2013,
asia,
journal,
application,
operate,
method,
improvement,
grown,
worldwide,
programmes,
received,
aggregated,
driver,
bets,
takes,
linked,
lifestyles,
erode,
test,
140,
programme,
acquisition,
matching,
unable,
expanding,
compelling,
formation,
prove,
explore,
stage,
advisor,
bloomberg,
prevent,
stability,
mechanism,
expresses,
storing,
authorization,
provision,
streamlining,
know‐your‐customer,
custodians,
concept,
execute,
requesting,
reserve,
invoice,
tokenized,
beneficial,
discover,
realised,
renewal,
extensive,
introduced,
touche,
your,
you,
casualty,
blackrock,
stock,
had,
foundation,
blueprint,
include,
six,
york,
combined,
continues,
diverging,
standardize,
shifts,
way,
profits,
app,
starting,
employees,
adopting,
buy,
convergence,
solve,
underlying,
evolved,
accept,
largest,
union,
want,
demonstrate,
despite,
regarding,
exchanges,
true,
subsequent,
owned,
mutual,
initial,
fast,
put,
device,
effort,
having,
willing,
decreases,
attract,
drives,
theft,
maintain,
deal,
problem,
approaches,
creditworthiness,
availability,
approved,
learning,
conduct,
standardization,
seedrs,
angel,
accessibility,
industries,
debt,
confidence,
structures,
chris,
identities,
transacting,
identifier,
i.e.,
manually,
concierge,
discretionary,
protocol,
submit,
below,
deep‐dive,
obligations,
computing,
managed,
tests,
financials,
movement,
founder,
illustrations,
non-financial,
remittance,
multi-line,
information/connection,
initiative,
feedback,
thought,
allianz,
santander,
chase,
bob,
institute,
structured,
extend,
etc,
in‐person,
usa,
almost,
competencies,
thereby,
differentiating,
regionalization,
competitors,
comfortable,
utility,
commoditized,
bought,
fragmented,
consequences,
fail,
curated,
follow,
streams,
improves,
issue,
together,
fundamentally,
interfaces,
tool,
trend,
led,
decade,
impacting,
respond,
purposes,
migrate,
purchases,
sale,
expect,
long,
link,
scheme,
second,
paid,
off,
lives,
statistics,
forcing,
serves,
affinity,
cyber,
lifestyle,
sensors,
makers,
marketing,
exclusive,
differentiator,
software,
branch,
opening,
buying,
techniques,
lender,
appropriate,
instability,
excess,
makes,
deeper,
automating,
inside,
political,
consolidate,
advisors,
certainty,
along,
giancarlo,
acting,
easier,
thanks,
holdings,
matthew,
society,
intended,
basic,
layer,
operation,
completed,
exposed,
evaluate,
up‐to‐date,
documentation,
database,
native,
unanswered,
send,
freight,
selling,
settle,
portion,
appetite,
centralised,
high-,
externalised,
a-d,
dialogue,
person,
ing,
far,
defining,
failed,
february,
struggle,
google,
yet,
did,
disrupt,
commoditization,
accelerate,
distinct,
reconciliation,
bridge,
easy,
movements,
per,
day,
collected,
effect,
resolved,
line,
environments,
artificial,
america,
non‐,
macquarie,
behind,
broaden,
technical,
delivering,
half,
raised,
launch,
factor,
declining,
card‐based,
near,
interchange,
itself,
estonia,
considerably,
embrace,
encourage,
main,
ultimately,
recently,
ever,
turn,
charge,
relatively,
granular,
on‐demand,
purchasing,
outside,
sheet,
insider,
joint,
media,
bodies,
premium,
agents,
superior,
white,
alternatively,
suit,
gaps,
deposit,
desire,
functionalities,
activated,
closely,
bigger,
proprietary,
2.0,
advisers,
schwab,
casey,
enhanced,
rounds,
assist,
liquid,
collaborate,
electronification,
depository,
transactional,
innovate,
robust,
tom,
scott,
aon,
list,
identifying,
gather,
reputational,
desired,
immutable,
present,
attestations,
elements,
archetype,
templates,
buyer,
empowered,
safekeeping,
csd,
communications,
cluster,
high-value,
risk-averse,
facilitator,
included,
jesse.mcwaters,
deloitte.ca,
legally,
separate,
executives,
lloyds,
engaged,
phone,
april,
direction,
sufficiently,
threat,
deploy,
removing,
bypass,
minimize,
lowering,
pool,
entire,
awareness,
controls,
front,
specialized,
just,
segment,
kingdom,
owners,
capable,
engaging,
maintaining,
maintained,
talent,
meaning,
reliance,
targets,
giving,
absence,
capturing,
cooperation,
illustrative,
visible,
foreign,
entirely,
revolving,
2009,
expected,
cross‐border,
implemented,
concern,
positioned,
pictures,
issuer,
allowed,
retain,
bespoke,
challenged,
sold,
vehicle,
covered,
education,
mandate,
measure,
discounts,
forced,
developments,
served,
cover,
update,
seamlessly,
stephen,
thin‐file,
underbanked,
analytical,
proliferate,
acquiring,
applied,
sensitive,
sections,
fall,
scaling,
guaranteed,
charles,
entrepreneurs,
valuations,
ensures,
disclosure,
generally,
converge,
accessed,
supports,
buy‐side,
cryptographic,
bruno,
bill,
dan,
james,
nasdaq,
kevin,
consensys,
securekey,
gleif,
limitations,
illicit,
actors,
standardizing,
stolen,
highlights,
implement,
federated,
incorporate,
days,
authenticates,
finland,
eliminates,
version,
financially,
manner,
receiving,
bills,
tokens,
deep‐dives,
australian,
assumptions,
arbitrage,
minimal,
point‐in‐time,
calculations,
initiated,
conversion,
syndication,
lading,
clusters,
analysed,
reputation,
readily,
toward,
risk-,
risk-seeking,
doors,
multistakeholder,
discuss,
adviser,
author,
general,
relies,
harris,
vice‐president,
max,
consumed,
impacts,
evolving,
previous,
establishing,
exploration,
london,
short,
setting,
switching,
material,
struggled,
long‐term,
humans,
priorities,
expanded,
handling,
complicated,
vanguard,
started,
recommendations,
wealthfront,
universe,
sectors,
vendors,
real‐,
targeted,
imperative,
tested,
web,
differences,
mature,
slow,
opposed,
influence,
redefine,
examines,
occurred,
cnbc,
react,
overcome,
added,
vast,
wall,
street,
personalized,
i.e,
securely,
tap,
integrating,
fit,
production,
dramatically,
delayed,
demands,
invested,
decision‐making,
communication,
adequate,
guidelines,
likelihood,
frequent,
propositions,
learn,
called,
2012,
post,
dynamics,
bureau,
analysing,
disparate,
mortgage,
scalable,
receivable,
resolve,
plans,
contribution,
allocation,
intelligent,
planning,
quirk,
brokerage,
commodity,
stocks,
predefined,
accepted,
convenient,
portfolios,
nine,
validate,
traded,
early‐stage,
exit,
input,
jurisdiction,
brokers,
predict,
efficiencies,
includes,
lee,
discussions,
hong,
kong,
daniel,
commerzbank,
alex,
ripple,
fundapps,
citi,
u.s.,
federal,
hub,
inefficiency,
great,
tailor,
involve,
goals,
positioning,
recognition,
identity‐as‐a‐service,
extremely,
formal,
enterprise,
format,
essential,
gathered,
intensive,
evaluation,
inclusion,
guiding,
principles,
identification,
friction,
parallel,
rehypothecated,
metrics,
reference,
agreed,
repository,
criteria,
discovered,
fraudulent,
earned,
weather,
confirm,
procedures,
option,
restricted,
10k/10q,
auditors,
authorized,
shareholder,
orders,
commitments,
long-term,
modify,
pos,
leaner,
personalisation,
timely,
cross-subsidisation,
organisations,
ultra,
externalise,
medium-sized,
feeds,
numerous,
academia,
150,
holistic,
official,
refers,
guarantee,
referred,
consult,
qualified,
cls,
william,
brown,
claire,
palatnick,
cvc,
nicolas,
deputy,
julius,
baer,
huw,
steenis,
colin,
reshape,
laid,
taxonomy,
simultaneously,
conducting,
changed,
willingness,
static,
facing,
customer‐facing,
vulnerable,
wish,
mindshare,
ubiquity,
race,
continually,
relative,
enough,
teams,
dealing,
communicate,
sizes,
cloud‐based,
uber,
collision,
friendly,
reading,
according,
diverge,
volumes,
slice,
coupled,
legislation,
begun,
announced,
club,
highlighting,
2011,
africa,
demonetization,
debit,
enforce,
year,
until,
replacement,
messaging,
comply,
structural,
insure,
tied,
whole,
reinsurers,
insurtech,
transformational,
targeting,
younger,
comfort,
verification,
start‐up,
space,
extreme,
feel,
2010,
prosumers,
actively,
outsource,
run,
narrow,
staff,
retirement,
breaches,
program,
clearly,
call,
spend,
fulfill,
tend,
join,
broadly,
optimize,
side,
falls,
subprime,
small‐business,
sustainability,
insufficient,
cycles,
internet,
intervention,
digitally,
competitiveness,
licences,
june,
zopa,
edge,
differentiators,
scrutiny,
proactively,
employ,
inform,
monoline,
externalized,
period,
kensho,
express,
touch,
mark,
fundraising,
wisdom,
scalability,
capitalists,
unlike,
valuation,
meaningful,
sme,
record‐keeping,
accessing,
christian,
suitable,
widespread,
quarterly,
medium,
special,
christine,
commonwealth,
kim,
lei,
jeff,
vice,
chance,
gsma,
facilitation,
explores,
widely,
gathering,
completion,
uptake,
remediation,
involvement,
configuration,
situations,
protected,
perceive,
continuous,
completing,
determined,
verifies,
boundaries,
lorem,
ipsum,
functional,
read,
public‐private,
citizen,
auditing,
gains,
considerations,
study,
insight,
refine,
methodology,
disputes,
sourcing,
letters,
denominated,
achieving,
independently,
maintains,
promote,
end‐to‐end,
facilitating,
distributing,
operators,
closing,
tolerance,
plus,
fields,
officials,
proof‐of‐concept,
book‐value,
market‐value,
payable,
ccps,
seller,
non-,
vendor,
carry,
displacement,
borrowing,
mega,
specialty,
individualised,
burden,
low-,
empowering,
mass*,
commoditise,
projections,
mission,
applying,
outreach,
professionals,
workshop,
encouraging,
collaborative,
perspective,
patient,
whose,
fourth,
rgalaski,
tohmatsu,
craig,
jason,
creditease,
hastings,
dorothy,
hillenius,
victor,
neil,
justin,
rutland,
skowronski,
provisioned,
later,
presents,
pioneered,
decades,
disrupted,
105,
december,
exploring,
empowers,
release,
document,
definition,
final,
ideas,
months,
pivotal,
hubs,
january,
pace,
crucial,
bars,
although,
turned,
acquisitions,
accelerating,
bases,
owner,
regions,
avoid,
construction,
migrating,
munich,
etfs,
directive,
reaching,
derive,
consistency,
gradually,
rbc,
placed,
predictive,
solely,
otherwise,
cognitive,
mix,
ayasdi,
testing,
mit,
coming,
losing,
differing,
incremental,
introduce,
owns,
strengthen,
mitigate,
saw,
fundamental,
experiencing,
intense,
nontraditional,
dominance,
actual,
prime,
eroding,
short‐term,
wire,
earn,
transferwise,
scores,
forms,
whereas,
region,
india,
type,
varying,
original,
rule,
passwords,
gradual,
inherent,
hand,
minimizing,
post‐psd2,
additionally,
reached,
deployed,
prevents,
deeply,
presenting,
negotiating,
deployment,
transformation,
modularity,
carrier,
choosing,
airbnb,
internally,
partnered,
demanding,
one‐size‐fits‐all,
102,
weak,
demographics,
simpler,
offset,
prevention,
going,
nest,
internationally,
closed,
proactive,
battle,
appear,
appeal,
advancements,
south,
popular,
stay,
efficiently,
gaining,
achieved,
complement,
api,
firm,
layers,
reliability,
maintenance,
branches,
zero,
controlled,
breed,
101,
103,
lean,
effectiveness,
lost,
minutes,
110,
borrower,
embed,
requests,
consortium,
diversify,
arise,
119,
high‐,
introduces,
fiduciary,
status,
excellence,
language,
post‐,
passive,
continuing,
ambitious,
outcome,
delivers,
accelerates,
disclosures,
deals,
angellist,
taken,
globally,
performed,
crowdfunded,
empower,
simplicity,
wider,
crowdcube,
never,
enterprises,
intermediation,
over‐the‐counter,
promise,
adjust,
old,
elimination,
promising,
facilities,
algomi,
enhance,
freed,
intuitive,
large‐scale,
andre,
richard,
bmo,
incubator,
mike,
chartered,
pages,
eric,
chekk,
foundational,
inaccurate,
linking,
viability,
suspicious,
name,
cultural,
queries,
ineffective,
involving,
possession,
authenticating,
biometrics,
susceptible,
aadhaar,
onboard,
equities,
eligible,
verifying,
veracity,
registries,
draw,
greatest,
requested,
logins,
nemid,
ledgers,
initiatives,
configuring,
abandonment,
portal,
reviews,
authorities,
situation,
aligned,
corporations,
examination,
provenance,
implementations,
tokenization,
assume,
billions,
code,
aml/kyc,
informed,
accountant,
executing,
constraints,
incorporating,
adherence,
performs,
notified,
prone,
precedent,
tasks,
receipt,
time‐intensive,
shipped,
notification,
initiates,
prior,
coupon,
released,
extraction,
multi-stakeholder,
in-person,
disaggregated,
full-service,
eroded,
specialise,
organisational,
end-to-end,
data-driven,
percent,
acquirer,
optimise,
check-out,
optimal,
retention,
gateway,
start-ups,
disaggregate,
cost-effective,
closer,
surrounding,
quoting,
indicators,
experienced,
steal,
originations,
responding,
non,
mid-,
mid-market,
relationship-based,
expert,
hypotheses,
market-making,
levelling,
stabilising,
prepared,
august,
sessions,
enriched,
contributions,
played,
invaluable,
industrial,
revolution,
grateful,
deloitte1,
generous,
commitment,
www.deloitte.com/about,
subsidiaries,
attest,
contains,
rendering,
nor,
shall,
sustained,
ann,
flint,
harte,
board,
puth,
sheedy,
relations,
wemmer,
acknowledge,
helped,
christof,
edel,
matarranz,
mumm,
neukirchen,
architect,
pinkham,
reany,
teichholtz,
pine,
river,
vandenreydt,
innotribe,
nearly,
considering,
dives,
126,
affected,
captured,
high‐level,
answer,
300,
switzerland,
march,
bar,
materially,
serious,
pure,
replicate,
enormous,
preserve,
turning,
monetary,
permissions,
positions,
simplify,
disintermediate,
controlling,
niches,
depend,
b2c,
pre‐existing,
aggregating,
suitability,
balancing,
naturally,
comparability,
favour,
utilize,
designing,
decide,
collecting,
alone,
come,
forming,
little,
rest,
helping,
impetus,
mobile‐based,
trillion,
chinese,
competitor,
divergent,
industry's,
discussion,
jpmorgan,
organized,
refer,
migration,
non‐existent,
commerce,
frictionless,
technologically,
causing,
passed,
originally,
n26,
converted,
modern,
marginal,
ubiquitous,
160,
timeline,
pre‐,
demonstrated,
simply,
negative,
rose,
decreasing,
backed,
convince,
rail,
regulate,
justify,
effects,
suffer,
stream,
align,
customized,
nascent,
furthermore,
accordingly,
comparison,
faced,
c/life,
responsibility,
tesla,
rolled,
safety,
extent,
consumption,
prosumer,
blurring,
coverages,
locations,
serving,
modular,
medical,
check,
churches,
120,
yahoo,
rises,
customer's,
assistants,
hancock,
vitality,
opt,
data‐sharing,
inconsistent,
selecting,
keep,
outsourced,
pursue,
in‐house,
looking,
aggressively,
objectives,
brings,
car,
though,
architecture,
understood,
american,
atm,
heavily,
inefficiencies,
bbva,
centres,
newswire,
component,
appealing,
netherlands,
slowly,
desirable,
impacted,
light,
cut,
properly,
raises,
forge,
reap,
journey,
stages,
104,
globe,
disrupting,
107,
adjustments,
methodologies,
lendup,
scoring,
demonstrating,
moments,
underwrite,
112,
tradeshift,
perceived,
initially,
normalized,
bps,
occurs,
considerable,
granularity,
aggregators,
unless,
course,
truly,
127,
robo‐,
investopedia,
least,
discount,
index,
plan,
pick,
develops,
breaking,
synthesis,
practices,
stronger,
units,
substantially,
july,
exits,
wise,
delay,
resulted,
too,
syndicateroom,
telegraph,
icapital,
yield,
grants,
interested,
impactful,
practice,
regionally,
unlock,
securing,
börse,
accounted,
databases,
winning,
venues,
matches,
sefs,
tracing,
moves,
sec,
wilson,
smith,
aig,
university,
contributing,
roundtable,
francis,
hamilton,
western,
hwan,
joel,
marc,
mcdonald,
singh,
grant,
giancarlo.bruno,
davis,
anna,
association,
ian,
council,
agency,
simon,
nick,
don,
clarient,
level39,
topics,
step,
clarity,
digital‐based,
radically,
overexposure,
healthcare,
damage,
strength,
username,
stack,
components,
extended,
day‐to‐day,
birth,
assigned,
operates,
resilience,
pitfalls,
interconnection,
steps,
excluded,
inability,
determining,
directors,
communicated,
endpoints,
circumstances,
preventing,
email,
password,
parameters,
privacy‐enhancing,
loa,
recipients,
spectrum,
replicated,
expose,
conscious,
attempting,
leverages,
authenticated,
log,
digid,
residents,
finnish,
notable,
leis,
impossible,
catalyst,
exceptions,
monetize,
aims,
updating,
processed,
billing,
e‐residency,
laundering,
aire,
filings,
bottom‐up,
modules,
jeremy,
circle,
predicted,
orthodoxies,
highlight,
delaying,
fulfil,
disintermediates,
1990s,
books,
suboptimal,
autonomous,
compliance‐related,
impose,
disbursement,
notifications,
updates,
embedded,
cryptocurrency,
properties,
incurred,
concentration,
updated,
delays,
submitted,
predetermined,
ratios,
adverse,
pertinent,
regardless,
factoring,
threshold,
yes,
comparing,
ambiguity,
opinion,
follow‐up,
representatives,
casting,
notice,
broker/dealer,
131.25,
187.5,
csds,
date/,
failures,
disruptors,
disaggregating,
affairs,
anchor,
gamma,
novus,
diminish,
self-driving,
intensified,
richer,
intensify,
skill,
under-banked,
measures,
location-based,
value-add,
effortless,
balances,
wearable,
utilise,
low-cost,
instant,
m-pesa,
complements,
commoditising,
securitisation,
mgmt,
compare,
safer,
commoditisation,
illness,
reacting,
relationship-driven,
homes,
fuller,
utilising,
empirical,
incentivise,
utilisation,
insured,
averse,
complementing,
excel,
value-adds,
embedding,
touchpoints,
extending,
solidify,
indirectly,
later-stage,
organisation,
opinions,
revamping,
hnw,
harvesting,
accountabilities,
modelling,
erroneous,
redefined,
specialisation,
continuity,
reverting,
tactics,
fund-of-funds,
foreword,
www.deloitte.com/us/about,
substitute,
contri,
cairns,
axel,
lehmann,
anju,
patwardhan,
dieter,
josh,
thomas,
americas,
lena,
mass‐cresnik,
phd,
svp,
evp,
co‐head,
close,
reflect,
triggered,
transforming,
contents,
3.3,
3.5,
147,
168,
technology‐enabled,
reshaping,
builds,
gained,
existence,
goal,
shifted,
stand‐alone,
traction,
deploying,
entering,
grounds,
redistribution,
bionic,
systemically,
resemble,
duplicating,
singapore,
lowers,
piece,
treated,
offices,
bypassing,
betterment,
stripe,
cost‐effective,
union's,
revised,
threatens,
mandating,
distributor,
pass,
page,
comparable,
consolidates,
contrast,
guard,
here,
pensions,
depth,
breadth,
complementary,
facebook,
collective,
launching,
answers,
compliant,
culture,
unlocking,
customers',
pain‐free,
aws,
suggests,
interacting,
falling,
verticals,
presence,
alipay,
ach,
same‐day,
localized,
ground,
cultivate,
ahead,
dive,
moment,
distinctions,
exceeded,
phones,
represented,
slowed,
lowest,
black,
specifically,
honour,
revolvers,
low‐fee,
germany,
2.5,
1.5,
2005,
2007,
elusive,
benefitted,
supported,
roll‐out,
500,
emv,
chip,
themes,
initiation,
category,
reluctant,
tim,
picture,
buy‐in,
domestic,
handle,
hacked,
recover,
modernization,
seeing,
entrenched,
law,
bargaining,
ones,
hard,
fight,
non‐bank,
individually,
habits,
product‐level,
prefer,
americans,
hack,
applicable,
combinations,
threatening,
usage‐based,
object‐specific,
reinvent,
proliferating,
ils,
risking,
cannibalization,
lifetime,
varies,
swiss,
assessed,
doing,
micro‐insurance,
ladder,
nerdwallet,
homogenization,
pushed,
flatlined,
guy,
carpenter,
symantec,
marsh,
155,
180,
risen,
moreover,
locales,
advances,
variable,
liberty,
save,
time‐,
customizable,
e‐z,
label,
bifurcation,
ceases,
risk‐based,
specialize,
paying,
comes,
missing,
stand,
foster,
borders,
adjacent,
seemingly,
expands,
labs,
startup,
felt,
4.0,
moved,
momentum,
third‐,
publicly,
best‐of‐breed,
developers,
strongly,
absent,
immediate,
cost‐cutting,
lower‐cost,
wells,
fargo,
intuit,
venmo,
boston,
languages,
aim,
atms,
era,
digitization,
trying,
white‐label,
fill,
handled,
agile,
pieces,
suits,
consistently,
benefitting,
cross‐,
liable,
worthiness,
106,
poised,
bring,
disadvantage,
model's,
adjudicating,
siloed,
constrained,
108,
zestfinance,
assists,
search,
109,
expensive,
latency,
ondeck,
score,
111,
exact,
player,
connects,
113,
relied,
unstable,
114,
prosper,
blurs,
115,
116,
originate,
117,
attempts,
118,
regular,
apart,
high‐quality,
expenses,
121,
122,
123,
124,
bringing,
125,
data‐driven,
robo‐distribution,
128,
employers,
burdens,
unintended,
accustomed,
exhibit,
129,
etf,
derived,
robinhood,
quantopian,
400,
alpha,
primarily,
charging,
beta,
attracted,
165,
administrative,
macro,
quick,
futureadvisor,
robo‐advice,
136,
composition,
certainty‐based,
mind,
holding,
139,
corresponding,
threats,
deepen,
cybersecurity,
disconnected,
entrepreneurship,
prominent,
159,
accredited,
respect,
certify,
153,
seen,
performing,
brewdog,
campaign,
priced,
sustain,
167,
shooting,
star,
socially,
causes,
163,
bad,
sell‐side,
rarely,
swaps,
mifid,
trumid,
young,
facility,
calling,
formed,
geopolitical,
conference,
frank,
excessive,
pivot,
known,
oracle,
ibm,
data‐infrastructure,
benefiting,
science,
constituents,
infrastructures,
depositories,
constantly,
administration,
startups,
zhang,
abel,
robson,
sam,
sean,
andy,
andrews,
rachel,
blake,
bouchard,
calmejane,
farm,
feichtinger,
jennifer,
joe,
guastella,
catherine,
jon,
chuck,
hounsell,
iyer,
jones,
adam,
kimerling,
lambert,
larsen,
lynn,
todd,
merrill,
quan,
origin,
cfpb,
beth,
shah,
greg,
philipp,
der,
drexler,
multi‐stakeholder,
interactive,
sincere,
mentors,
212,
levin,
connell,
kosta,
peric,
melinda,
gates,
fabien,
ewing,
credits,
hyperion,
england,
lab,
integrity,
jonathan,
kantara,
denmark,
treasury,
joanna,
schiltz,
r3cev,
daon,
telstra,
identity2020,
matt,
keith,
williamson,
disruptions,
officers,
scan,
configurations,
100+,
oct.,
dec.,
davos,
jan.,
pose,
primer,
again,
enabler,
civic,
coordination,
repeated,
user‐centric,
consensus,
mainly,
interconnected,
repositories,
avoidance,
stretch,
non‐traditional,
incorrect,
supervisory,
consortiums,
constructing,
avoiding,
manifest,
anonymity,
cumbersome,
proving,
involves,
views,
discrete,
codified,
encryption,
signature,
fingerprint,
rejection,
compromise,
leakage,
borderless,
millions,
telephone,
attestation,
credential,
passport,
residence,
legitimate,
permission,
deny,
etc.,
usernames,
governing,
login,
specified,
sweden,
eid,
immutability,
voice,
leaving,
commonly,
estonian,
consideration,
tailoring,
suffered,
protects,
uidai,
manages,
file,
standing,
compromised,
shipping,
spent,
subscription,
collaborating,
automatic,
ambiguous,
systematic,
top‐down,
exchanged,
pays,
sarah,
oliver,
prudential,
brian,
amp,
lloyd,
hurdles,
business‐process,
solicited,
amplify,
simplification,
batch,
advent,
acceleration,
observations,
aligning,
silos,
imbalance,
requirement,
fear,
asymmetry,
hedging,
opacity,
assessments,
tokenize,
quantify,
legality,
table,
selected,
high‐potential,
summaries,
summarized,
utilized,
geographical,
collectively,
arrangement,
alice,
divided,
tokenizing,
soliciting,
fostering,
nostro,
interbank,
periodic,
template,
north,
feasible,
contractual,
registered,
validity,
calculate,
consume,
utilization,
emea,
billion1,
solicits,
respective,
t+3,
obtaining,
automates,
exporters,
sent,
double,
eliminated,
convert,
7.5,
instrument,
hoc,
determines,
mandated,
activation,
ccar,
overhead,
irs,
shareholders,
adjusted,
conflict,
secured,
derivative,
ccp,
simultaneous,
possibility,
inhibiting,
cto,
liquity,
sep.,
personalise,
stand-alone,
cross-subsidise,
widening,
quicker,
declines,
tangible,
machine-to-machine,
point-of-sale,
splintering,
rationale,
click,
elect,
one-,
maximise,
time-consuming,
authorisation,
exert,
replaced,
houses,
sending,
finances,
alterative,
minimise,
actuarial,
over-the-counter,
statistical,
measurable,
catastrophic,
homogenised,
anti-trust,
lowered,
bundling,
mono-line,
benchmarking,
regimes,
accidents,
installed,
customised,
holders,
lifecycle,
sub-prime,
manifested,
standardise,
in-house,
motives,
energy,
structuring,
sell-side,
analysts,
pension,
capitals,
catered,
room,
monitored,
restrictions,
standardisation,
interpretation,
infer,
discontent,
est,
sentiment,
reacts,
predicts,
readable,
unfair,
communities,
hammonds,
bottomley,
rangaswami,
navigating,
horizon,
characterized,
reshaped,
hope,
3.1,
3.2,
3.4,
3.6,
3.7,
189,
195,
mapping,
aimed,
simplifies,
entrant,
c‐suite,
unit,
succeeded,
warrant,
wait,
supermarket,
predicated,
shop,
redistributing,
interface,
hyper‐scaled,
hyper‐focused,
embracing,
mutualization,
industry‐standard,
anywhere,
peers,
thinking,
sides,
oversee,
adjacencies,
survival,
places,
manufacturer,
steer,
stringently,
drawn,
lacking,
far‐reaching,
tencent,
wave,
profound,
combination,
carefully,
hacking,
aware,
evolves,
front‐end,
siri,
alexa,
training,
human‐ai,
worked,
idea,
accepting,
similarly,
hbr,
sloan,
priority,
train,
cmo,
globalization,
show,
5.5,
giant,
obstacles,
press,
geography,
extract,
lie,
robot,
illustrating,
evolutions,
tracker,
were…,
opened,
grew,
distinguishing,
brick‐and‐mortar,
instances,
expense,
online‐based,
connectedness,
one‐click,
rolling,
november,
singles',
biggest,
friday,
processors,
fortune.com,
passing,
charged,
ifr,
weakening,
selective,
national‐level,
cheques,
starling,
advertised,
0.5,
amex,
elsewhere,
lendingclub.com,
finder.com.au,
unmet,
succeed,
indian,
2022,
drove,
earlier,
retailer,
catch,
technavio,
psd,
consists,
authorize,
capped,
applies,
info,
pervasive,
try,
450,
currentc,
pulling,
pymnts.com,
ars,
technica,
hacks,
flight,
reality,
kingdom's,
iso,
cheaply,
hours,
coin,
blockchain.info,
massive,
heightened,
steadily,
double‐digit,
programming,
expectation,
appearance,
stop,
traffic,
slower,
tie,
shrinking,
appearing,
mostly,
typical,
gets,
sense,
thrive,
retaining,
pushing,
mhq5j=e3,
explained,
published,
equally,
responsibilities,
self‐driving,
necessitating,
designers,
outstanding,
10000,
mashable,
purchased,
slices,
amounts,
adaptable,
hosts,
women,
2.1,
influenced,
pwc,
south‐east,
depends,
doctor,
haven,
vietnam,
populationpyramid.net,
balanced,
declined,
24/7,
church,
saved,
occupied,
ease,
sometimes,
microsoft,
households,
healthy,
earning,
smoke,
installation,
notifies,
tethered,
advertising,
customization,
lucrative,
mainstreaming,
heavy,
outsourcing,
cutting,
pooling,
individualized,
jobs,
self‐employment,
workers,
mistakes,
signals,
detection,
modified,
familiarity,
revolve,
hiring,
demographic,
emphasizing,
compromising,
perceptions,
sure,
recognized,
began,
protecting,
refocus,
caveats,
german,
digital‐only,
engages,
download,
exposes,
encourages,
2000,
observer,
banker,
nordics,
post‐crisis,
sheets,
sought,
trade‐off,
latter,
centre,
attractiveness,
mass‐affluent,
verge,
decades‐old,
compass,
appeared,
getting,
fell,
approached,
tempted,
mini,
employee,
walk,
wow,
on‐,
routine,
aid,
washington,
bain,
giants,
weighed,
game,
collections,
enforced,
maximize,
trustworthy,
oligopolistic,
intensifying,
unbundled,
aided,
owning,
newly,
flock,
wanted,
clarify,
feed,
symbiotic,
something,
gold,
edition,
qualify,
unstructured,
temporary,
payday,
baidu,
unions,
severe,
onerous,
rocket,
forward‐looking,
comparisons,
helps,
platform‐based,
suppliers,
techspot,
city,
a.m.,
proved,
high‐cost,
found,
warrants,
long‐,
licence,
sofi,
attracting,
200,
techcrunch,
altered,
perception,
multitude,
struggling,
licensing,
preference,
cost‐,
flourish,
former,
venue,
meanwhile,
reductions,
medium‐sized,
win,
goes,
millennials,
attention,
beginning,
manufacture,
shaped,
abandon,
drawing,
predominantly,
customer‐centric,
5,000,
aiming,
department,
labor,
prolonged,
130,
compression,
replacing,
131,
drastically,
600,
economical,
strike,
division,
finextra,
132,
133,
human‐managed,
budget,
179,
134,
per‐customer,
135,
flat‐fee,
.11,
ownersadvisory,
brands,
137,
norm,
afford,
138,
decision‐,
guarantee‐based,
supervision,
141,
savvy,
interpret,
142,
erodes,
143,
organizational,
contained,
144,
industry‐wide,
145,
integrations,
signaling,
takeover,
146,
uk‐based,
unaccredited,
chapter,
unlisted,
148,
infancy,
149,
burdensome,
seed‐stage,
overlooking,
alongside,
190,
estate,
maturing,
albeit,
blog,
151,
attempt,
non‐accredited,
differently,
152,
pebble,
chose,
round,
crowdengine,
incorporates,
crowdfundingbeat,
asian,
lawyer,
inexperienced,
affiliations,
154,
brewery,
leveraged,
breweries,
inaccuracies,
investor‐led,
educational,
eventually,
illiquid,
pooled,
researching,
156,
committed,
failing,
altfi,
157,
educate,
158,
profit‐oriented,
worthwhile,
degrees,
dedicated,
161,
inter‐platform,
162,
high‐risk,
later‐stage,
late‐stage,
done,
accesses,
preparing,
early‐,
164,
plays,
allocate,
filling,
166,
faq,
vol,
electronified,
169,
170,
uneven,
demand/supply,
cross‐platform,
post‐financial,
fits,
171,
bet,
focuses,
allq,
disintermediating,
bis,
172,
173,
christopher,
agenda,
objective,
brexit,
contribute,
cftc,
risk.net,
skadden,
arps,
slate,
meagher,
flom,
174,
175,
rebuild,
applicability,
176,
entered,
euronext,
fixed‐income,
bondcube,
filed,
converting,
swap,
sef,
capitalize,
predictable,
fia,
178,
leave,
onto,
stable,
monetizing,
cooperative,
consortia,
treatment,
shorten,
buys,
releases,
invests,
llc,
julia,
center,
peking,
school,
amy,
allen,
giles,
bale,
mary,
donald,
ron,
dataminr,
square,
borrowell,
pat,
desai,
ken,
jared,
gupta,
anthemis,
interac,
bison,
zhou,
kelly,
elizabeth,
karen,
keys,
king,
america/merrill,
lynch,
markit,
silicon,
valley,
lipman,
jorge,
mak,
emmanuel,
marot,
douglas,
iex,
fire,
ironfly,
sharon,
kai,
jan,
marta,
preston,
roger,
shawn,
sahai,
balderton,
ministry,
belfius,
stark,
stephan,
motive,
den,
von,
yang,
brad,
nina,
zhu,
lien,
christoph,
batlin,
berg,
birch,
boysen,
alicia,
carmona,
wayne,
ivan,
catapult,
citigroup,
ltd.,
trademe,
jerry,
conan,
french,
emilio,
garcia,
aran,
adrienne,
raj,
charlotte,
kroemer,
joseph,
lubin,
ludwin,
lundkvist,
diacc,
bny,
mellon,
zurich,
marathakis,
martin,
eddie,
cheryl,
parker,
rick,
porter,
rhomaios,
ram,
richards,
wiebe,
ruttenberg,
sacmar,
rocky,
scopelliti,
anton,
semenov,
canadian,
alixpartners,
rajesh,
shenoy,
stan,
stalnaker,
szurek,
taylor,
adizah,
tejani,
kleij,
vella,
derek,
zschach,
lloyd's,
perc,
rinaldi,
sabrina,
sdao,
enablers,
lays,
underway,
coordinated,
200+,
nov.,
constructed,
pseudo‐digital,
photographing,
partially,
relevance,
eligibility,
assistance,
alcohol,
cause,
exploiting,
entitled,
exchanging,
govern,
focussed,
commercially,
overexposed,
left,
executional,
jurisdictional,
categorized,
credit‐,
trustless,
assisting,
decisioning,
champion,
user‐facing,
recourse,
studied,
concepts,
reside,
crime,
fact,
putting,
exclusion,
calculating,
obscure,
false,
out‐of‐date,
checking,
small‐,
complying,
inflexible,
demonstration,
cutting‐edge,
point‐to‐point,
dispersed,
zero‐knowledge,
metadata,
environmental,
unsustainable,
ideological,
brief,
korea,
october,
frontier,
unbanked,
trader,
describe,
monolith,
intrinsic,
accumulated,
reflective,
non‐sanctioned,
acceptable,
title,
query,
presented,
knowing,
always,
registration,
signing,
geographic,
huge,
character,
writers,
physical‐based,
conclusions,
government‐driven,
networked,
saas,
sap,
usually,
gov.uk,
granted,
elections,
bankid,
telecommunications,
non‐profit,
offline,
detail,
inquiry,
blinding,
exhaustive,
resilient,
sassa,
pattern,
deposited,
revealed,
permitting,
adhere,
hugely,
e‐identity,
settled,
fee‐for‐transaction,
removes,
disperse,
e‐government,
per‐transaction,
contravention,
non‐standard,
monthly,
telecoms,
approve,
saving,
trace,
hierarchies,
whom,
illegal,
non‐estonian,
signatures,
inception,
anti‐money,
detect,
validates,
codes,
reliant,
bear,
idin,
back‐end,
correcting,
resettlement,
transport,
labour‐intensive,
taxes,
chosen,
outlined,
scaled,
refined,
aside,
practical,
two‐step,
narrowing,
attain,
adams,
allaire,
angus,
steven,
beecroft,
bussman,
chan,
plc,
deluca,
steve,
dbs,
suncorp,
societyone,
cont,
hill,
lipis,
tokyo‐mitsubishi,
ufj,
fidor,
hanna,
nilsson,
cbw,
tang,
tapscott,
co.,
soumak,
chatterjee,
oberholzner,
90+,
solution‐first,
problem‐first,
feasibility,
process‐level,
identifies,
transition,
establishment,
panacea,
viewed,
next‐,
tender,
redraw,
converging,
1970s,
1980s,
remote,
multi‐party,
correct,
frictions,
employed,
things,
trails,
autonomy,
externally,
nodes,
guarantees,
promotes,
personally,
pledge,
debts,
fulfilled,
autonomously,
governed,
mediate,
cost‐benefit,
accountability,
business‐process‐level,
transformed,
representation,
conversations,
dependencies,
conjunction,
inputs,
tracked,
generates,
modifications,
dependency,
examined,
grouping,
micropayments,
hash,
codification,
rewriting,
alert,
counting,
party/,
printing,
mailing,
compartmentalized,
architecting,
5.1,
fulfillment,
obligation,
remittances,
preferred,
confirms,
utilizes,
containing,
consuming,
payout,
encapsulates,
alerts,
reviewed,
establishes,
sourced,
valid,
urgency,
budgets,
fraction,
wholesale,
cryptocurrencies,
dlt‐based,
receives,
back‐office,
segmentation,
compensate,
insurees,
submits,
reinsurance,
adjusters,
undesirable,
receipts,
completeness,
triggering,
simplified,
irrelevant,
dominated,
20141,
amounted,
asia‐pacific,
latin,
immature,
pledging,
disbursal,
duplicative,
dispersion,
appropriately,
myriad,
dissemination,
importers,
command,
product/service,
assumes,
agree,
inspect,
transported,
sends,
invoices,
checks,
propensity,
inspected,
headcount,
interoperable,
incapable,
interfacing,
legal/regulatory,
securitization,
yields,
activate,
immediately,
7.49,
values,
educated,
indication,
resource‐intensive,
productivity,
depreciation,
assertions,
duplicate,
uniquely,
pictured,
meetings,
voted,
approximately,
remained,
proxypulse,
misleading,
voters,
counted,
notify,
proposed,
depositors,
formats,
downstream,
initiating,
nyse,
duration,
enhancements,
disintermediated,
exceed,
float,
lane,
cfo,
dave,
engine,
coinbase,
abundance,
estimize,
vodafone,
kopo,
editor,
editor-at-large,
pacific,
park,
shanghai,
bitpay,
barry,
sar,
strive,
alter,
summarised,
wearables,
internet-of-things,
homogenisation,
fickle,
benchmark,
short-term,
product-based,
reconsider,
competitively,
vs.,
mid-sized,
widen,
commodities,
real-,
event-driven,
addressed,
front-end,
displaced,
scale-based,
traceability,
denomination,
wireless,
invisible,
one-click,
one-touch,
stickier,
combine,
proportion,
intensity,
surviving,
merchant-issued,
virtually,
optimisation,
reward,
charges,
efficacy,
accumulation,
2/3,
prudent,
bank-issuers,
displace,
message,
transmit,
utilised,
employing,
open-source,
airtime,
cross-border,
senders,
shortcomings,
familiar,
traceable,
distance,
keeping,
cic,
possess,
expedite,
introducing,
unforeseen,
high-touch,
correlation,
reinsure,
e-aggregators,
acquired,
decoupling,
widened,
bundle,
encompasses,
actuary,
stablise,
realise,
collusion,
rural,
vertical,
insuring,
uk-based,
amidst,
reflected,
sign,
vitals,
bilateral,
automotive,
less-,
tires,
travel,
exclude,
fashion,
consumer-friendly,
bandwidth,
absorb,
diversifying,
measurement,
one-size-fits-all,
generational,
needs-based,
customer-driven,
sort,
cross-subsidised,
quasi-financial,
unfamiliar,
realign,
strengths,
low-return,
dividends,
lengthy,
fair,
customisation,
flexibly,
implicit,
literacy,
seed-,
generating,
sooner,
spacehive,
debentures,
overlap,
favourite,
chilango,
exclusivity,
affordable,
solid,
net-worth,
millennial,
redeploying,
brokerages,
skills,
gathers,
buy-side,
reaction,
top-tier,
2008,
scale-driven,
turnaround,
topological,
correlations,
hypothesis,
organises,
shareholding,
unattainable,
disappear,
externalising,
translate,
cloud-based,
buy-in,
turnover,
transitions,
hfts,
rosenblatt,
hypothesising,
self-learning,
intervened,
revert,
tangibly,
maker,
fact-based,
twitter,
caused,
posting,
tweet,
strengthened,
redistributed,
pragmatic,
forum's,
concerning,
assisted,
thoughts,
thank,
mentorship,
vision,
inspirational,
finally,
kimberly,
catlin,
calmjane,
roland,
fejfar,
ibd,
schroders,
fabian,
editors,
davos‐,
klosters,
aftershocks,
wings,
promised,
draws,
importantly,
lies,
seismic,
approach…………………………………………………….………………………………………………………………………………………………..……………..,
…………………………………………………………………………………………………………………………………………………..…,
payments…………………………………………………………………………………………………………………………………………………………………………………..,
insurance…………………………………………………………………………………………………………………………………………………………………………………..,
banking…………………………………………………………………………………………………………………………………………………………………………..,
lending………………………………………………………………………………………………………………………………………………………………………………………,
management…………………………………………………………………………………………………………………………………………………………..,
crowdfunding…………………………………………………………………………………………………………………………………………………………………,
infrastructure………………………………………………………………………………………………………………………………………………………………..,
acknowledgements……………………………………………………………………………………………………………………………………………………………………………..,
culmination,
phases,
strived,
de‐risks,
culminated,
considers,
produce,
davos‐klosters,
san,
francisco,
shenzhen,
toronto,
came,
overtaking,
fallen,
seized,
subsector,
shown,
overestimated,
adapt*,
*caveat,
opportunity…,
externalize,
…but,
tempo,
institution's,
neither,
eight,
labour,
long‐time,
alike,
commoditize,
externalizing,
duplication,
aladdin,
de‐verticalize,
cost‐sharing,
company‐wide,
jigsaw,
separately,
business‐to‐business,
catalysts,
intra‐value,
inter‐value,
trōv,
proposing,
exchange‐traded,
curtailing,
long‐regulated,
pressures/shifts,
curation,
de‐emphasizing,
1,600,
benchmarks,
abusing,
multiple‐provider,
audiences,
webank,
storefront,
invoicing,
adp,
dashboard,
product‐focused,
sales/distribution,
owner's,
snapshots,
experience‐driven,
optional,
geo‐location,
nonbanks,
adds,
aib,
cashbacks,
company‐,
versus,
arrival,
workforces,
machine‐enabled,
coworking,
dominating,
erica,
chatbot,
mould,
computers,
multiplying,
organization's,
suites,
nine‐month,
hundreds,
three‐month,
specialists,
humans4,5,
automation‐focused,
waves,
coexist,
punishment,
figure,
accompanied,
harness,
backbone,
xignite,
cross‐selling,
bit,
guides,
tough,
necessitates,
independence,
consumer‐focused,
innovation‐,
well‐served,
progress,
ago,
theoretically,
breeding,
multipolar,
locale,
cross‐cutting,
subjects,
races,
long‐running,
heart,
harvard,
//hbr.org/2016/11/how‐artificial‐intelligence‐will‐redefine‐,
ready,
colleagues,
//sloanreview.mit.edu/article/are‐you‐ready‐for‐robot‐colleagues/,
mine,
//www.ft.com/content/1eaf6436‐e4a2‐11e6‐9645‐c9357a75844a,
cdo,
interview,
idg,
//www.cmo.com.au/article/609962/cdo‐,
interview‐macquarie‐banking‐group‐digital‐leader‐delivering‐customer‐trust/,
pp=2,
sector's,
plausible,
mapped,
illustrates,
reader,
familiarized,
multinationals,
geographically,
varied,
operated,
dominate,
e‐commerce,
logging,
2016,1,
subscribers,
2016,2,
one‐day,
2016.3,
shoppers,
2014‐2015,
incompatibility,
locally,
caps,
forbid,
high‐fee,
unattractive,
conditioning,
decided,
forgoing,
branded,
lhv,
country's,
300,000,
revolvers.5,
2003,
visa/mc,
fees6,
banks/payment,
fintech‐enabled,
location‐specific,
differed,
affects,
resisted,
advance,
unlikely,
1,000,
rupee,
notes,
compound,
cagr,
2016.7,
sates,
18.6,
90.7,
canada.8,
france,
card/other,
countries9,
tsys,
2018,
host,
concurrently,
payments‐related,
0.2‐0.3,
respectively,
forbidding,
sorted,
mint,
yodlee,
merchant/intermediary,
overwhelming,
ingrained,
patience,
loop,
work/not,
clouding,
apple's,
cook,
announcing,
paint,
mixed,
same‐user,
2014.10,
retailer‐backed,
walmart,
wendy,
shut,
mid‐2016,
service.11,
fractures,
demise,
unlocked,
inroads,
modernized,
insecurity,
magnified,
shocks,
freezes,
track/oversee,
modernizing,
close‐to,
transmission,
20022,
add‐ons,
£250,000,
4.2,
14,15,
bitfinex,
second‐largest,
haircut.13,
0.35,
worlds,
bridged,
conditioned,
diverges,
cow,
credit‐card‐,
precipitously,
shrinks,
challengers,
best‐of‐brand,
lock,
re‐evaluate,
negotiate,
data/other,
withdraw,
payment‐related,
arises,
built‐in,
card‐,
point‐of‐,
specifications,
steady,
justification,
issuers/intermediaries,
somewhat,
ally,
fragment,
fragmenting,
juggle,
rewarded,
piecing,
quandary,
in‐store,
reward/loyalty,
sku‐level,
smartphone,
predominant,
appears,
enjoy,
collect/make,
multidimensional,
wield,
echo,
turns,
ambitions,
audacious,
//intelligence.slice.com/echo‐turns‐,
volume‐amazons‐ambitions‐audacious‐bets‐pay‐off/,
soften,
//www.ft.com/content/d9f71364‐e2bf‐345d‐,
a4e9‐a61c9a9058a7,
alibaba,
smashes,
world's,
//www.cnbc.com/2016/11/11/singles‐day‐news‐,
alibaba‐poised‐to‐smash‐records‐at‐worlds‐largest‐online‐shopping‐event.html,
shopped,
weekend,
//fortune.com/2016/11/27/black‐friday‐nrf‐shopping/,
statistic,
//www.finder.com.au/where‐does‐my‐money‐go‐interchange‐,
fees‐explained,
//www.technavio.com/blog/how‐,
demonetization‐indian‐currency‐has‐led‐increased‐use‐mobile‐wallets,
emvco,
//www.emvco.com/about_emvco.aspx,
id=202,
cross‐country,
diary,
survey,
bagnall,
//www.ijcb.org/journal/ijcb16q4a1.pdf,
stats,
//www.pymnts.com/apple‐pay‐adoption/,
defiant,
deactivate,
//arstechnica.com/business/2016/06/currentc‐retailers‐defiant‐answer‐to‐apple‐pay‐will‐deactivate‐its‐user‐accounts/,
turf,
//www.forbes.com/sites/helenwang/2016/10/30/will‐alipay‐,
dominate‐global‐mobile‐payments/,
//www.wsj.com/articles/bitfinex‐to‐spread‐losses‐from‐cybertheft‐,
among‐all‐users‐1470559865,
//www.fasterpayments.org.uk/about‐us/statistics,
confirmed,
//blockchain.info/charts/n‐transactions,
signaled,
specify,
occasions,
microinsurance,
overcapitalization,
overcapitalized,
non‐catastrophe,
insurance‐linked,
underwriters/product,
depression,
innovating,
cat,
gives,
intermediary.1,
quietly,
asia.2,
believes,
autopilot,
30000,
25000,
20000,
15000,
5000,
subsumed,
walks,
measured,
delineation,
necessitate,
high‐value,
items,
fastest‐growing,
seniors,
year‐over‐year,
60.4,
cross‐cultural,
grey,
prosumer.5,
homesharers,
homeowner,
7.4,
+92,
+87,
3.9,
economy6,
blurred,
individuality,
presumes,
fastest,
east,
retirement‐related,
rigid,
fixed‐term,
consumable,
chunks,
bima,
prepaid,
credit.7,
low‐income,
applicants.8,
wholly,
subsidiary,
massmutual,
40+,
20‐39,
5‐19,
0‐4,
‐47.8,
27.2,
35.1,
34.6,
19.2,
22.1,
6.1,
8.2,
veitnam,
traits,
omnichannel,
spill,
value‐added,
seesaw,
penetration,
equal,
tech‐related,
projected,
sensor‐based,
sensor,
model.10,
hoping,
cyberevents,
frozen,
pipe,
leaks,
occupancy,
pilot,
1,500,
states.11,
q1/201512,
monitor/marsh,
volunteering,
convinced,
hands,
time‐measured,
fixed‐time,
hesitant,
living,
health‐related,
required.13,
detector,
discounted,
verification.14,
battery,
2019,
2025,
opt‐in,
per‐unit,
reactive,
strengthening,
deprioritize,
caught,
emphasize,
noticeable,
apathy,
tie‐ins,
compels,
customer‐specific,
loses,
vendors/utilities,
departments,
outsource/depend,
non‐scale,
catering,
covers,
part‐timers,
product‐specific,
bike,
measuring,
time‐flexible,
event‐driven,
prosumer‐focused,
gig,
internet‐enabled,
miscoverage,
specializing,
inadvertent,
bulk,
aligns,
persists,
undergoes,
restructuring,
de‐,
lower‐margin,
useful,
spreading,
organically,
partner's,
tightly,
vertically,
modularized,
splitting,
pursing,
contradictory,
equipment,
convincing,
ft.,
//www.ft.com/content/a0d04746‐d9bc‐11e6‐944b‐e7eb37a6aa8e,
//mashable.com/2017/02/23/elon‐musk‐tesla‐lifetime‐,
insurance/,
uyplmbietkq3,
xxvi,
//www.swissre.com/library/ils_market_update_february_2017.html,
60+,
//www.airbnbaction.com/wp‐,
content/uploads/2016/03/airbnb_60_plus_women_report.pdf,
pay‐per‐use,
rideshare,
//www.insurancejournal.com/news/national/2017/04/03/446575.htm,
embraced,
//www.pwc.co.uk/issues/megatrends/collisions/sharingeconomy/outlook‐for‐the‐sharing‐economy‐in‐the‐uk‐2016.html,
swedish,
mobiles,
//www.businessinsider.com/bima‐brings‐microinsurance‐to‐africa‐asia‐and‐latin‐america‐via‐phones‐2016‐10,
instant‐approval,
//www.nerdwallet.com/blog/insurance/instant‐life‐insurance/,
//www.insurancejournal.com/news/international/2016/05/18/409001.htm,
celent,
//finance.yahoo.com/news/church‐,
mutual‐recognized‐celent‐model‐190000478.html,
//www.riskmanagementmonitor.com/cyber‐insurance‐purchasing‐up‐but‐breaches‐felt‐in‐prices‐and‐limits/,
//www.jhrewardslife.com/how‐it‐works.html,
//nest.com/insurance‐partners/liberty‐mutual/,
quest,
//www.ey.com/publication/vwluassets/key_telematics_considerations_for_the_telecoms_sector/,
file/the_quest_for_telematics_ef0120.pdf,
cusp,
lay,
foundations,
catalysed,
satisfy,
exposure‐specific,
weaken,
incentivizes,
discouraged,
programmableweb,
directory3,
user‐centred,
transferwise,1,
crédit,
agricole,
third‐largest,
cultivates,
suggest,
ideas.2,
16000,
14000,
12000,
8000,
6000,
4000,
openness,
soft,
curate,
non‐incumbents,
value‐driven,
recapitalizing,
catch‐up,
smartphones,
internet‐,
trusting,
illustrated,
starbucks,
lessons,
real‐world,
plateau,
jettisoning,
unprofitable,
wherever,
bank/fintech,
signed,
indicated,
ramps,
up.4,
zelle,
links,
share.5,
undertaken,
weighs,
extinct,
cobol,
riddled,
client‐facing,
cores,
patchwork,
specially,
ad‐hoc,
eventual,
rip,
prompt,
enrichment,
money‐,
tools,7,
2018.8,
spending9,
compatibility,
refocused,
optimizing,
defections,
visually,
robo‐branch,
videoconferencing,
robo‐banks,
videoconference,
location.10,
site.11,
respondent,
re‐target,
unravelling,
changer,
cyberinsecurity,
best‐,
of‐breed,
co‐branded,
isolated,
weakly,
curator,
unified,
distort,
hosting,
best‐of‐,
full‐service,
plagued,
scandal,
sandboxes,
preserving,
shelf,
cross‐entity,
extends,
bundled,
umbrella,
staying,
overcoming,
perhaps,
subsidize,
image,
client‐centric,
beneficiaries,
confused,
overwhelmed,
legislations,
branding,
winners,
virtuous,
imperatives,
proficiency,
win‐win,
//www.theinvestmentobserver.co.uk/tech/2017/05/11/european‐challenger‐bank‐n26‐390hoia2/,
agricole's,
//www.americanbanker.com/news/open‐api‐for‐bank‐apps‐,
can‐credit‐agricoles‐model‐work‐here,
//nordicapis.com/tracking‐the‐growth‐of‐the‐api‐economy/,
akin,
//www.nytimes.com/2017/03/23/business/dealbook/banks‐and‐tech‐firms‐battle‐over‐something‐akin‐to‐gold‐your‐data.html,
_r=0,
//www.theverge.com/2017/6/12/15782328/zelle‐us‐banks‐instant‐,
payment‐processing‐app‐venmo‐square‐cash,
//www.bcgperspectives.com/content/articles/financial‐institutions‐technology‐digital‐retail‐bank‐operational‐digital‐leaders‐reap‐rewards/,
ranks,
javelin,
awards,
//www.prnewswire.com/news‐releases/bbva‐,
compass‐ranks‐in‐top‐group‐in‐2016‐javelin‐online‐banking‐leader‐awards‐300364391.html,
orban,
//medium.com/aws‐enterprise‐,
collection/capital‐ones‐cloud‐journey‐through‐the‐stages‐of‐adoption‐bb0895d7772c,
achilles,
heel,
//thefinancialbrand.com/58786/core‐banking‐legacy‐systems‐marketing/,
tellers,
blacksmiths,
//www.washingtonpost.com/business/economy/bank‐tellers‐are‐the‐next‐,
blacksmiths/2017/02/08/fdf78618‐ee1c‐11e6‐9662‐6eedf1627882_story.html,
utm_term=.60a9e8ce7881,
//www.prnewswire.com/news‐releases/santander‐bank‐,
empowers‐new‐customers‐with‐the‐wow‐factor‐300463961.html,
//www.bain.com/publications/articles/customer‐loyalty‐in‐retail‐banking‐,
2016.aspx,
threatened,
prowess,
low‐credit,
bolster,
iteration,
lag,
best‐in‐class,
fare,
macro‐credit,
progressively,
repay,
machine‐learning,
data.1,
59.2,
63.3,
48.8,
41.1,
23.7,
contraction,
deem,
placing,
auto‐adjudicated,
mainframes,
bridges,
ends,
demanded,
cost‐saver,
middleware,
looked,
fintech‐driven,
overhauling,
fintech‐bank,
quicken,
errors.3,
roughly,
near‐term,
reorient,
ondeck‐,
as‐a‐service,
model.4,
promoter,
lender5,
satisfaction,
impeding,
jumping,
fray,
pre‐emptively,
defaults,
withhold,
merchants.6,
fees.7,
lending6,
stopping,
price‐sensitive,
scratch,
analog,
well‐defined,
lesser‐known,
two‐sided,
pulled,
months.8,
student,
funding.10,
lender.10,
+25,
795,
635,
+13,
530,
470,
opex,
optimization,
price‐,
indispensable,
stabilize,
outperform,
stemming,
cede,
cost‐commoditization,
disadvantages,
shared‐service,
absolute,
software‐as‐a‐,
expenditures,
horizontally,
partners',
anticipate,
locked,
unregulated,
in‐app,
pull,
negotiations,
reoriented,
signals/data,
//finance.yahoo.com/news/zestfinance‐introduces‐machine‐learning‐platform‐150000764.html,
//www2.deloitte.com/content/dam/deloitte/us/documents/financial‐,
services/us‐fsi‐markeplace‐lending2.pdf,
//time.com/money/4129146/quicken‐loans‐8‐minute‐mortgage/,
j.p.,
deck,
//www.wsj.com/articles/inside‐j‐p‐morgans‐deal‐with‐on‐deck‐capital‐,
1451519092,
//www.ey.com/publication/vwluassets/ey‐understanding‐alternative‐lending/,
file/ey‐understanding‐alternative‐,
lending.pdf,
lent,
//www.techspot.com/news/69665‐amazon‐has‐lent‐over‐3‐billion‐merchants‐,
since.html,
hsbc's,
//www.cityam.com/262044/hsbcs‐partnering‐fintech‐startup‐tradeshift‐offer‐trade,
inks,
loan‐buying,
soros,
jefferies,
//www.wsj.com/articles/prosper‐inks‐5‐,
billion‐loan‐buying‐dealwith‐investors‐including‐soros‐jefferies‐1488222470,
charter,
//techcrunch.com/2017/06/12/sofi‐applies‐to‐be‐a‐bank/,
41.2,
//www.cnbc.com/2017/06/02/zopa‐raises‐41‐point‐2‐million‐for‐challenger‐bank‐,
launch.html,
phenomenon,
//www2.deloitte.com/content/dam/deloitte/uk/documents/financial‐services/deloitte‐uk‐fs‐marketplace‐lending.pdf,
marked,
formulas,
baby,
boomers,
self‐managed,
stepped,
citing,
mis‐selling,
scandals,
dissatisfaction,
consequence,
polices,
settings,
masses,
mass‐,
minimums,
wealthfront.1,
elevate,
bound,
ethically,
authority's,
attractive.2,3,
retail/dc,
year‐end,
aum,
duty,
non‐core,
soon,
deteriorate,
wannacry,
cyberattack,
prices.5,
commissions.6,
openfolio,
stocktwits,
addepar's*,
650,
700,
jan‐16,
jun‐17,
diminishing,
competed,
lowest‐cost,
inevitable,
proponent,
benefited,
grapples,
823,
8.5,
combined.8,
rules‐based,
investing.9,
volatile,
stem,
co‐opted,
underscored,
intangible,
47.0,
tech‐enabled,
self‐,
directed,
classes.12,
12.3,
6.7,
4.4,
2.9,
co‐opting,
14.,
15.,
job,
algorithm‐driven,
platform‐as‐a‐service,
renaissance,
guaranteeing,
calculators,
visualizations,
semi‐guaranteed,
management/banking,
gig‐economy,
risk‐averse,
duality,
goal‐based,
value‐based,
mobile/online,
embraces,
repayments,
service‐based,
product‐,
ai‐driven,
low‐,
incentivizing,
except,
bifurcates,
cloud/platform‐as‐a‐service,
undifferentiated,
commoditizing,
consequently,
personalization,
advice‐driven,
robo‐investors,
high‐net‐wealth,
emotional,
//intelligent.schwab.com/,
dol,
5th,
//www.investopedia.com/updates/dol‐fiduciary‐rule/,
ixzz4eohksxqf,
secretary,
acosta,
concedes,
stopped,
9th,
//www.forbes.com/sites/jamiehopkins/2017/05/23/labor‐secretary‐acosta‐concedes‐fiduciary‐rule‐,
‐be‐legally‐stopped‐before‐june‐9th/,
74d3e7f41e82,
jump,
'wannacry',
attack,
//www.cnbc.com/2017/05/15/cybersecurity‐stocks‐surge‐on‐fears‐wannacry‐,
cyberattack‐isnt‐over.html,
//blog.robinhood.com/news/2015/11/20/new‐integrations,
addepar,
//www.finextra.com/pressarticle/69579/addepar‐raises‐140‐million,
everybody,
else,
//www.nytimes.com/2017/04/14/business/mutfund/vanguard‐,
mutual‐index‐funds‐growth.html,
//www.nytimes.com/2017/03/28/business/dealbook/blackrock‐actively‐managed‐funds‐computer‐,
models.html,
action=click,
pgtype=homepage,
clicksource=story‐heading,
module=first‐column‐region,
region=top‐news,
wt.nav=top‐news,
_r=1,
fittest,
//www.caseyquirk.com/whitepapers.html,
//www.forbes.com/sites/samanthasharf/2015/08/26/blackrock‐to‐,
buy‐futureadvisor‐signaling‐robo‐advice‐is‐here‐to‐stay/,
7328c3603023,
custom,
//www.macquarie.com/ph/about/newsroom/2016/ownersadvisory‐by‐macquarie‐to‐provide‐custom‐investment‐advice‐online,
//www.aboutschwab.com/investor‐relations/annual‐report,
//www.businessinsider.com/wealthfront‐review,
//www.businessinsider.com/betterment‐review,
rolls,
robo‐hybrid,
//www.forbes.com/sites/janetnovack/2015/05/05/vanguard‐rolls‐out‐new‐robo‐hybrid‐advisor‐service‐with‐17‐billion‐in‐assets/,
142e01d545c0,
cyborg,
//www.bloomberg.com/news/articles/2016‐03‐24/the‐vanguard‐cyborg‐takeover,
//www.investopedia.com/tech/top‐robo‐advisors/,
expert‐led,
crowdfunding‐as‐a‐service,
expert‐backed,
signal,
trustworthiness,
early‐stage/seed,
pre‐sales,
ico,
flowing,
attitudes,
explosion,
tech‐based,
£10,
listed,
£85,
45,000,
investments.1,
founded,
460,
3,500,
investors.2,
3‐year,
cagr3,
2012‐2015,
fund/,
249,
0.1,
inaccessible,
aversion,
relaxed,
relaxing,
unreasonably,
light‐touch,
imposed,
harsher,
deteriorating,
caliber,
desperate,
divergence,
diverged,
treat,
hampers,
enthusiast,
smartwatch,
non‐equity,
kickstarter,
pre‐sale,
pointing,
accreditation,
websites,
platforms.5,
country6,
non‐qualified,
audited,
£5m,
protections,
disillusioned,
disappointing,
sizeable,
outsized,
powers,
analogous,
overvalued,
scottish,
craft,
advocates,
£15,
promotional,
materials.7,
investor‐,
terms.8,
305,
camden,
adnam's,
immaturity,
gauge,
laws,
realize,
temporarily,
prospect,
cottage,
investors.10,
digital‐first,
process.11,
2011‐2016,
216,
re‐raised,
sustaining,
567,
workable,
11.,
legitimacy,
macroeconomic,
profit‐,
oriented,
achieves,
impact‐oriented,
inter‐,
arrives,
rivals,
catches,
stifle,
care,
social‐focused,
located,
obvious,
market's,
underdeveloped,
low‐yield,
relegate,
prototyping,
low‐return,
higher‐yield,
tentative,
successes,
high‐return,
higher‐,
eggs,
capital/liquidity,
incorporation,
recency,
icos,
tops,
//www.seedrs.com/learn/blog/crowdfunding‐,
tops‐private‐equity‐investments‐for‐2016‐with‐seedrs‐leading‐the‐charge,
//angel.co/help,
ajay,
agrawal,
catalini,
avi,
goldfarb,
//www.nber.org/chapters/c12946.pdf,
//crowdfundbeat.com/2016/05/14/crowdengine‐first‐to‐,
offer‐regulation‐cf‐crowdfunding‐software/,
//publications.jrc.ec.europa.eu/repository/bitstream/jrc92482/lbna26992enn.pdf,
//papers.ssrn.com/sol3/papers.cfm,
abstract_id=2842752,
//www.telegraph.co.uk/business/2016/04/09/will‐investing‐in‐brewdog‐ever‐make‐you‐money/,
//www.syndicateroom.com/faqs,
barking,
mad,
//www.forbes.com/sites/goncalodevasconcelos/2015/05/27/valuations‐in‐,
crowdfunding‐are‐we‐all‐barking‐mad/,
47d493665424,
//www.forbes.com/sites/davidprosser/2016/07/21/crowdcube‐plans‐,
secondary‐market‐for‐equity‐crowdfunding/,
6885227e2991,
//www.businesswire.com/news/home/20161215006121/en/blackrock‐invest‐,
ae‐network,
//www.altfi.com/download/where_are_they_now_2016,
basel,
iii,
over‐the‐counter‐driven,
continuum,
unevenly,
electrification,
indirect,
nudges,
best‐execution,
homogenous,
migrated,
10m,
stake,
phone1,
derivatives,
venue.2,
late,
sell‐,
upheld,
equivalence,
reforms,
dodd‐frank,
enacted,
relic,
revisit,
crisis‐era,
enveloped,
post‐2016,
slowing,
interconnectivity,
journeys,
political‐derived,
right‐size,
footprint,
dodd‐,
act.4,
indicated5,
post‐brexit,
third‐country,
residing,
brexit‐related,
20166,
10q,
10k,
end‐of‐year,
freed‐up,
prevailing,
upending,
betting,
life‐cycle,
obsolete.7,
blockoneiq,
perquisite,
cases8,
2009‐2015,
information‐related,
profiting,
co‐operation,
capital‐,
prerequisites,
survivors,
cross‐product,
synergies,
adaptation,
reluctance,
disturb,
characterizing,
customer‐friendly,
technology‐driven,
inertia,
ideal,
enriching,
177,
algomi.10,
client‐to‐dealer,
liquidation,
lacked,
fintech‐run,
hindered,
garner,
deregulation,
masse,
consolidating,
data‐focused,
custody,
workflows,
heightening,
surprising,
favourable,
181,
multilateral,
182,
encroach,
183,
data‐heavy,
theirs,
184,
guarantor,
frees,
technology‐based,
185,
buy‐,
revamp,
non‐differentiating,
blockchain‐related,
harder,
186,
insufficiency,
cooperating,
sphere,
emerging‐market,
187,
soros‐backed,
//www.ft.com/content/d32a786a‐635a‐11e7‐8814‐,
0ac7eb84e5f1,
mhq5j=e2,
//tt.efnevents.com/shortlist/best‐fixed‐income‐trading‐platform/,
settlements,
//www.bis.org/publ/mktc07.pdf,
remarks,
42nd,
boca,
raton,
florida,
//www.cftc.gov/pressroom/speechestestimony/opagiancarlo‐20,
lock‐out,
//www.risk.net/regulation/mifid/4778566/eu‐regulators‐consider‐mifid‐,
electronic‐trading‐lock‐out,
trump,
lexology.com,
//www.lexology.com/library/detail.aspx,
g=3573f703‐ddec‐483f‐a53d‐9cba0201634f,
blockchain‐based,
//www.forbes.com/sites/laurashin/2017/01/09/dtcc‐selects‐partners‐for‐blockchain‐solution‐for‐credit‐default‐swaps/,
28c877395061,
blockone,
developer,
//www.thomsonreuters.com/en/press‐,
releases/2017/june/thomson‐reuters‐releases‐blockone‐iq‐into‐blockchain‐developer‐community.html,
there's,
'hot‐button',
//www.businessinsider.com/stock‐exchanges‐,
market‐data‐cost‐becoming‐big‐issue‐2016‐10,
//www.algomi.com/company‐news/euronext‐invests‐in‐algomi‐and‐expands‐jv‐1,
auction,
backups,
boring,
//www.bloomberg.com/view/articles/2015‐07‐23/auction‐backups‐and‐boring‐regulation,
//fia.org/sef‐tracker,
188,
authors,
pearce,
co‐author,
dominik,
hermann,
shrija,
bajpai,
kerry,
butts,
alexander,
carbone,
spirito,
alexandra,
durbak,
jack,
luan,
alonzo,
neese,
vlad,
oncescu,
seltzer,
elaine,
accelerator,
mikaal,
abdulla,
billy,
alvarado,
amato‐gauci,
ambrose,
attia,
bailey,
bajorat,
luc,
beaudry,
brock,
blomfield,
anne,
boden,
kay,
bowman,
eli,
brill,
bart,
brouwer,
ryan,
caldwell,
cappell,
cecil,
chai,
libby,
chambers,
sonika,
chandra,
chapman,
chen,
chiong,
raju,
chithambaram,
colucci,
compareasiagroup,
liveoak,
figo,
fintrac,
moody's,
lendio,
monzo,
modo,
cronin,
cruzado,
cyprys,
giovanni,
dapra,
davidson,
dempsey,
rodger,
dewoskin,
dickinson,
dixson,
dresner,
kirk,
dudtschak,
dueweke,
egan,
ellison,
faes,
faucette,
benjy,
feinberg,
pol‐erwan,
fritz,
debbie,
gamble,
gever,
mckellar,
liam,
gillligan,
beatriz,
gimenez,
monlleo,
rasmus,
goksor,
goldstein,
kellie,
goodwin,
gorfine,
graham,
betsy,
graseck,
manu,
julien,
hammerson,
moneyfarm,
morningstar,
occ,
payfone,
equitable,
jpm,
idpay,
lendinvest,
cme,
lakestar,
calastone,
191,
hanley,
naureen,
hassan,
havasi,
jörg,
hessenmüller,
taavet,
hinrikus,
bianca,
kent,
hocking,
brent,
homan,
sunsy,
huan,
hutton,
jurgen,
ingels,
ireland,
sriram,
cedric,
jeannot,
cai,
jian,
jing,
garri,
bjorn,
jungerkes,
ankur,
kamalia,
kang,
kansler,
kerrigan,
shirine,
khoury‐haq,
doug,
charaka,
kithulegoda,
royal,
scotland,
luminoso,
clare.ai,
spectrum28,
opc,
smartfin,
icici,
aprivacy,
miao,
numis,
savedo,
paynearme,
ihs,
mcs,
atb,
klier,
ling,
norris,
koppel,
dinesh,
krishnan,
amar,
kuchinad,
claude,
kurzo,
mary‐catherine,
lader,
caroline,
lamaud,
laurence,
latimer,
wei‐lin,
jiang,
winnie,
leung,
zhong,
caitlin,
lópez‐aranda,
colm,
lyon,
mackinlay,
mehdi,
manaa,
manners,
martini,
heather,
masterson,
matthews,
kirill,
menshov,
merkel,
tng,
dianrong.com,
monese,
zafin,
electronifie,
anaxago,
acadamy,
moneris,
shulaibao,
symbiont,
omers,
ecb,
lendingrobot,
generali,
travelers,
augmentum,
otkritie,
192,
mesny,
moffat,
brody,
mulderig,
zaydoon,
munir,
huy,
nguyen,
trieu,
ramin,
niroumand,
benedicte,
nolens,
olexy,
iliana,
oris,
valiente,
sasha,
orloff,
henrik,
otterson,
pan,
peve,
benjamin,
phillips,
pilbauer,
plana,
polonsky,
shameez,
rabdi,
glenn,
regan,
renton,
riley,
roche,
rosa,
faye,
ketan,
samani,
kate,
sampson,
sanborn,
finleap,
colliderx,
invesdor,
metromile,
ontario,
lendit,
neat,
scotiabank,
lyft,
eurex,
sigfig,
broadhaven,
tala,
finanser,
spotcap,
viewpost,
fidelity,
kabbage,
intesa,
sanpaolo,
jean‐luc,
savignac,
andreas,
schertzinger,
sha,
sidgmore,
siddharth,
shivani,
siroya,
travis,
skelly,
skinner,
gordon,
sobel,
benoit,
speybrouck,
spitz,
karl,
sponholz,
stackhouse,
philippe,
strickland,
taussig,
massimo,
tessitore,
clark,
thompson,
tidswell‐norrish,
edward,
twiddy,
luis,
valdich,
bergh,
micai,
katleen,
gheel,
geert,
mol,
vienick,
schulenburg,
walchek,
shroders,
atom,
troy,
193,
wan,
harry,
wang,
wei,
darryl,
ivar,
wiersma,
ray,
yankiver,
ypsilanti,
linear,
etrading,
marathon,
quantifeed,
radian,
194,
michael.drexler,
196,
703‐6633,
hammond,
dietter,
mukul,
ahuja,
albers,
benz,
vikram,
bhat,
brewer,
ben,
brophy,
byrne,
cary,
emily,
clayton,
clippinger,
coleman,
crombie,
malcolm,
crompton,
davies,
howard,
dixon,
djordjevic,
dombrowski,
duffy,
carlo,
duprel,
durand,
entiq,
eris,
2020,
nymi,
avox,
rbs,
historiocity,
luxembourg,
ping,
ferguson,
fishenden,
marissa,
flowerday,
alka,
hardinges,
hayes,
hodash,
rainer,
hoerbe,
arne,
vidar,
huag,
afsar,
hussain,
ienco,
natasha,
jackson,
jacoby,
hyder,
jaffrey,
johnston,
tanis,
kevelighan,
alim,
khalique,
jaap,
kuipers,
locke,
cabinet,
voetek,
iif,
signicat,
telus,
trulioo,
caribou,
marshall,
mckenney,
adel,
melek,
meredith,
morgenthaler,
renny,
narvaez,
neistat,
nieuwoudt,
pascal,
nizri,
reinhard,
posch,
rannenberg,
pierre,
roberge,
romanovskiy,
rudd,
jean‐louis,
schwarz,
leapfrog,
taskforce,
austrian,
goethe,
consultant,
assureuk,
2keys,
smaling,
stauffer,
gavin,
steele,
ashley,
stevenson,
stroud,
pavlo,
tanasyuk,
taverner,
kenneth,
tessem,
thibeau,
turner,
aneesh,
varma,
vatchkov,
roy,
helene,
vigue,
franziska,
arnim,
patrick,
walker,
wallis,
watkins,
conor,
gregory,
wolf,
fei,
hubid,
forgerock,
blockverify,
bitfury,
finansiell,
id‐teknik,
bid,
oix,
globalsign,
aire.io,
algebris,
british,
columbia,
faiza,
harji,
greenhouse,
concerted,
societies,
eidas,
conversation,
synthesizes,
stands,
license,
evaluating,
decentralizing,
afforded,
ands,
centers,
strict,
stretches,
societal,
re‐risk,
unemployment,
renting,
apartment,
pressing,
identity‐dependent,
omni‐channel,
stringent,
multi‐layered,
suffers,
unsuited,
insecure,
privacy‐,
inconvenient,
confusing,
addressing,
preexisting,
egovernment,
transaction‐focussed,
tombstone,
risk‐relevant,
sector‐implementable,
multi‐governmental,
crowded,
centralizing,
operationally,
conveniently,
transaction‐critical,
exceptionally,
incentivized,
near‐complete,
rigorously,
substantial,
enhancement,
positive,
avoidance…,
rfis,
inaccuracy,
stp,
payouts,
streams…,
fractionally,
behaviour‐based,
identity‐only,
fee‐based,
mining,
refocussing,
high‐transaction,
nationality,
desktop,
drawbacks,
single‐institution,
oligopoly,
golden,
wrong,
situational,
wasted,
summarizes,
describes,
discusses,
configured,
won,
misuse,
identity‐requiring,
asking,
answering,
inconveniently,
incorrectly,
mismatch,
misrepresent,
paper‐based,
transaction‐based,
medium‐,
sized,
time‐consuming,
attaching,
effective/suitable,
document‐based,
passports,
adapted,
falsified,
tampered,
presentation,
inflection,
face‐to‐face,
rich,
tampering,
identity‐as‐,
a‐service,
saml,
interception,
decryption,
keyless,
hashing,
attributed,
proofs,
concealing,
persistent,
contextual,
retina,
scanning,
heartbeat,
waveform,
facial,
anti‐fraud,
distrust,
valueless,
emotive,
common…,
turkey,
spills,
-wired,
philippine,
electoral,
breached,
'largest,
ever',
‐the,
guardian,
lok,
sabha,
opposition,
fears,
surveillance,
-indian,
crossroads,
‐cbc,
abolished,
invalid,
-bbc,
9-figure,
lift,
all-time,
-forbes,
‐times,
-security,
ensured,
walls,
victim,
‐information,
denied,
presses,
-reuters,
criticality,
cyber‐risk,
-huffington,
fca,
fines,
₤72,
-automated,
endless,
inherited,
height,
fingerprints,
lifespan,
attached,
custodianship,
drinking,
sanctioned,
citizenship,
asset's,
genuinely,
belong,
proceed,
chip‐and‐pin,
birthdate,
determing,
low‐assurance,
registrations,
site,
parking,
ticket,
boundaries…,
affiliation,
provincial,
attested,
attaches,
completes,
proofing,
strides,
oldest,
someone,
asked,
bearer,
computer,
reason,
modification,
display,
shield,
crystallization,
richness,
ranges,
element,
bolted,
categorize,
permissioned,
pathway,
idp/rp,
salesforce,
high‐traffic,
telecom,
permitted,
dutch,
apply,
judicial,
centrally,
explicit,
explicitly,
tendered,
one‐time,
digital/mobile,
privately,
names,
assigns,
falsification,
reveal,
infrequently,
non‐confidential,
redundancy,
rights,
value‐accretive,
maximum,
democratize,
african,
grindrod,
biometric,
pin,
illegitimate,
accidental,
infringement,
disclosed,
endpoint,
misused,
non‐centralized,
severity,
cyber‐resilient,
mutuality,
advised,
revoke,
upload,
uport,
user‐controlled,
dispute,
scrapped,
incoming,
stated,
wasteful,
bureaucratic,
intrusive,
posing,
accommodate,
x‐road,
road,
eu‐wide,
highest‐level,
highest,
spotlight,
resistant,
destruction,
contingency,
erased,
dozens,
automobile,
universities,
nationwide,
integrates,
supplied,
federation,
matched,
cross‐checks,
remove,
forgotten,
rejected,
subscribe,
indians,
registrar,
introducer,
elected,
representative,
teacher,
vouch,
person's,
immigrants,
photograph,
iris,
enrolled,
residency,
10,000,
domiciled,
proceeds,
criminal,
traced,
thread,
identifiers,
master,
micro‐,
macro‐prudential,
permit,
430,000,
register,
well‐suited,
cooperate,
card‐not‐present,
fee‐for‐,
high‐assurance,
attesting,
safeguards,
credit‐scoring,
materials,
netflix,
orgid,
future-state,
first‐level,
future‐looking,
onboarded,
disregard,
tedious,
counterpart,
informing,
linkages,
affiliated,
exacerbates,
over‐rehypothecation,
movers,
observe,
outwards,
principles‐based,
bounded,
interconnecting,
interfere,
self‐determination,
populations,
purely,
reasons,
connective,
tissue,
guided,
wants,
reinforces,
starters,
tactical,
subsidized,
renewed,
refreshed,
communicating,
crobson,
703,
6633,
approach….…………………..…………………………………………………………………………………………………………………………………………………,
findings..………………………………………………………………………………………………………………………………………………………………………………………,
approach….…………………………………………………………………………………………………………………………………………………………………………………………,
summaries….………………………………………………………………………………………………………………………………………………………………………………………,
meyer,
aaron,
ajmani,
alexandratos,
robleh,
ali,
armour,
akhtar,
badshah,
murad,
baig,
bardy,
adi,
ben‐ari,
bodson,
sven,
bossu,
carolyn,
burke,
ross,
burnett,
caplan,
catchpole,
javier,
celaya,
christophe,
chazot,
ilsa,
christ,
lynne,
cockerell,
catalytic,
banco,
s.a,
colaco,
cranmer,
dame,
damevski,
shellie,
avery,
dellheim,
nigel,
dobson,
kirsten,
dunlop,
farrell,
usama,
fayyad,
karin,
flinspach,
forde,
gallagher,
sierra,
nicholas,
giurietto,
julian,
gorman,
udayan,
goyal,
gronager,
aldila,
hananto,
harper,
inpay,
stone,
chalk,
anz,
wood,
mallesons,
wipro,
innoventures,
chainalysis,
vantage,
harvey,
hauser,
holzer,
hooper,
gys,
hyman,
chetan,
jain,
johnson,
ashton,
eiichi,
kashiwagi,
steffen,
kern,
matthias,
kroner,
ashwin,
kumar,
lang,
mikkel,
larson,
leavenworth,
leo,
westpac,
inspira,
boerse,
tyro,
fintechhub,
blythe,
masters,
lukas,
mccarthy,
mcfarland,
miller,
moss,
niestat,
nixon,
madan,
oberoi,
o'prey,
bharat,
patel,
perkinson,
picone,
piscini,
dilan,
rajasingham,
suresh,
ramamurthi,
dilip,
rao,
tara,
rozman,
joy,
savage,
perpetual,
qic,
novantas,
interpol,
makoto,
shibata,
spoke,
maxwell,
sutton,
alison,
tarditi,
tillotson,
tippell,
marcus,
treacher,
alan,
tse,
hedi,
uustalu,
vander,
auwera,
vaughn,
wasden,
wilcox,
shane,
williams,
lawrence,
wintermeyer,
yohananov,
euroclear,
nuco,
lightning,
superannuation,
tierion,
univerity,
utah,
paretix,
vikas,
singla,
talley,
mayank,
singhal,
roberto,
durscki,
imaginations,
24+,
2,500+,
patents,
joined,
experimentation,
1.4,
unharmonized,
reimagined,
pain‐points,
envision,
domains,
articulate,
real‐economy,
setup,
sydney,
apr,
2.2,
yielded,
in‐depth,
locked‐in,
minimization,
next‐generation,
1960s,
2000s,
2010s,
recording,
overnight,
intranets,
spearheaded,
quantum,
robotics,
toolbox,
sight,
altering,
exponential,
know‐your‐client,
cash‐equivalent,
zero‐sum,
games,
fabrics,
intentionally,
unintentionally,
asymmetric,
enforcer,
tamper‐proof,
translated,
book,
unbiased,
chronological,
blocks,
intrinsically,
functionally,
inter‐firm,
notions,
discourse,
identifiable,
loaned,
line‐of‐sight,
liens,
nominal,
liens/ownerships,
quantifying,
subsets,
effortlessly,
regulatory‐inclusive,
transforms,
post‐transaction,
dark,
enforcements,
deviations,
codify,
mutually,
unilateral,
analyze,
feasibility‐centric,
roadmap,
answered,
roadmaps,
societal‐level,
envisioned,
jurisdictional‐specific,
well‐understood,
conclude,
navigate,
shows,
subsectors,
justified,
non‐financial/strategic,
business‐,
occasionally,
achievement,
incorporated,
realized,
uniqueness,
safeguarded,
paramount,
questioning,
architects,
malicious,
thorough,
meticulous,
outputs,
internal/external,
mistrust,
gatekeeper,
charlie,
correspondents,
syndicates,
point‐in‐,
broker/,
dealer,
pave,
approximate,
yearly,
estimated,
601,
2016.1,
surpass,
brazil,
eurozone2,
7.68,
newcomers,
arriving,
volume2,
value−high,
individual/business,
factbook,
capgemini,
confronts,
mckinsey,
wishing,
corridors,
member‐owned,
messaging/settlement,
spb,
zengin,
collects,
inquiries/disputes,
netted,
periodically,
timestamps,
repetitive,
route,
validated,
bank/transaction,
pickup,
dataset,
forecasted,
buffers,
non‐members,
middlemen,
concrete,
occurring,
prototypes,
gateways,
destinations,
low‐value,
merge,
5.2,
motor,
728.6,
895.1,
20181,
bottleneck,
written,
non‐life,
forecast,
finaccord,
verisk,
casualties,
undertakes,
damages,
solvency,
advising,
police,
restitution,
assessments/interviews,
concluding,
reaches,
per‐insurer,
per‐loss,
rework,
questionnaire,
decision/calculation,
encoded,
adjustors,
regulates,
kept,
enforcing,
jeopardizing,
company‐specific,
careful,
senses,
profiling,
regulators/fis,
insurer‐,
adjustment,
5.3,
underwriter,
1,917,
1,214.5,
ex‐japan,
524.2,
42.2,
league,
tables,
accordance,
prospective,
investigation,
dispersing,
labour‐,
poses,
populated,
followed,
programmable,
requestors,
arrangers,
subprocesses,
closing‐time,
mutualizing,
5.4,
doesn't,
prepayment,
piecemeal,
documented,
documentation/oversight,
dominates,
integral,
annually1,
truck,
ship,
aircraft,
import/export,
quantity,
copy,
inspects,
fails,
miscommunication,
financed,
authenticity,
versions,
exporting,
drafts,
acknowledges,
decentralized,
credit/bills,
carriers,
encapsulated,
circumstance,
bank/regulators,
bailouts,
crises,
untested,
historically,
fuelled,
weeks,
agrees,
market‐,
capitalization,
public‐facing,
calculated,
book‐,
latest,
up‐to‐,
subsequently,
calculates,
overhaul,
impending,
reported,
ancillary,
data‐,
over‐reporting,
5.6,
activities1,
7.1,
20132,
pushback,
surging,
reasonable,
requisite,
reviewing,
supervising,
regulating,
annually,
coordinate,
timing,
copies,
populate,
sample,
copied,
exception,
accountants,
cadence,
feeding,
extracting,
transmitting,
partition,
arduous,
planning/follow‐up,
assessment/reporting,
audits,
5.7,
attendance,
shares1,
un‐voted,
turnout1,
activism,
strengthens,
recognizing,
irrefutably,
participates,
party/intermediaries,
counsel,
works,
obtain,
attendees,
opted‐in,
print,
restricting,
minor,
uncovered,
length,
unvoted,
discrepancies,
finalized,
compute,
opt‐,
corruption,
discriminatory,
creative,
voter,
responses,
outline,
count,
manpower,
correction,
disseminated,
activist,
5.8,
securitize,
exacerbating,
628,
4th,
quarter,
syndications,
acquires,
authorizes,
repayment,
securitizes,
mortgages,
sells,
repackages,
mortgage‐backed,
tranches,
56.25,
exceeds,
originator,
broadcasts,
infractions,
restricts,
hypothecation,
aiding,
rated,
percentages,
distributed‐,
ledger‐based,
unproven,
collateralized,
perpetuity,
normalization,
repurchase,
terminates,
violate,
histories,
5.9,
securities/cash,
cash/equity,
day1,
activities2,
library,
charting,
broadridge,
instigates,
versa,
validating,
shortly,
interim,
inconsistently,
confirmations,
netting,
dollars,
commands,
batching,
constant,
timelines,
transitioning,
schatterjee,
703-6633,
none,
whatsoever,
acknowledgements…………………………………………………………….………………………………………………………………………………………………..……………,
summary…………………………………………………………………………………………………………………………………………………………………………..…,
guide…………………………………………………………………………………………………………………………………………………………………………………..…,
modules………………………………………………………………………………………………………………………………………………………………,
………………………………..……,
fred,
crawford,
alix,
grip,
rotenberg,
neeraj,
heyvaert,
lance,
uggla,
henry,
ritchotte,
converged,
fabrizio,
campelli,
ericson,
coppola,
dow,
mcgraw,
ignacio,
goicoechea,
banorte,
hedges,
tarver,
capco,
co-head,
asheesh,
advani,
radhika,
angara,
yoni,
assia,
jolyon,
barker,
inga,
beale,
benazeh,
biller,
bingle,
brycki,
olaf,
carlson,
wee,
ulf,
carlsson,
bhaskar,
chakravorti,
chappell,
gongpil,
choi,
coblentz,
cockerton,
cowell,
eugene,
danilkis,
bruce,
marten,
haring,
samir,
maciej,
dolinski,
dooley,
drake,
leigh,
drogen,
aron,
dutta,
grechen,
effgen,
fawcett,
covestor,
fastacash,
etoro,
meniga,
stockspot,
japan,
associate,
dean,
fletcher,
diplomacy,
tufts,
shadows,
progresso,
financero,
founding,
metlife,
mambu,
economist,
reasoning,
cisco,
zipcar,
lin,
feng,
clare,
flynn,
levy,
girouard,
gleeson,
goldman,
russell,
gould,
green,
groves,
habberfield,
jr.,
jilliene,
helman,
dylan,
higgins,
reid,
hoffman,
kaori,
iida,
bert,
essen,
jung,
sony,
kapoor,
katsuyama,
keene,
kennedy,
damian,
kimmelman,
kirkpatrick,
kooper,
lanng,
francine,
lacqua,
renaud,
laplanche,
laven,
gerard,
lemos,
levchin,
sandra,
linhan,
nektarios,
liolios,
essentia,
upstart,
wallaby,
eco,
chair,
ukfca,
realty,
mogul,
innnovator,
nhk,
managng,
dragon,
vice-president,
inc,
re-define,
duedil,
techonomy,
leapfroginvestments,
affirm,
ctquan,
lark,
startupbootcamp,
anx,
macdonald,
makin,
demetrios,
marantis,
massaro,
mathias,
mendel,
liao,
min,
rory,
moloney,
nadler,
mas,
nakachi,
naughton,
nentwich,
ning,
nugent,
pair,
kyung,
kitty,
parry,
loren,
pastore,
patton,
leslie,
payne,
sandy,
peng,
anthony,
pereira,
claudine,
perlet,
jonas,
piela,
basil,
qunibi,
redfern,
reich,
selma,
ribica,
rieche,
antonia,
rofagha,
peertransfer,
zest,
director-general,
duco,
professor,
ubipay,
templars,
upslide,
ucan,
percentile,
coo,
avuba,
iwoca,
yin,
rong,
rosenberger,
sara,
arjan,
schutte,
vasuki,
shastry,
hyunwook,
shin,
shrier,
silbert,
sin,
gurjeet,
balvinder,
siddarth,
maria,
sit,
sonderegger,
stewart,
suber,
stu,
talyor,
matin,
tamizi,
spiros,
theodossiou,
tickner,
trotta,
wales,
webster,
karsten,
wenzlaff,
darren,
westlake,
wilkins,
edan,
yago,
ying,
joyce,
giuseppe,
zocco,
batan,
popfunding,
cigna,
tootpay,
wallace,
strategist,
lenddo,
d.e,
shaw,
skrill,
mmco,
epiphyte,
pandai,
oriental,
patron,
mika,
ciotola,
maja,
schwob,
eva-maria,
thurnhofer,
joerg,
weydanz,
color,
prevented,
c-suite,
300+,
tianjin,
21-22,
eleven,
comprise,
exerting,
synthesised,
deliberate,
attacked,
imminent,
positively,
negatively,
one-time,
modernise,
comparison-shop,
undiscovered,
process-as-a-,
robo-advisors,
externalisable,
flattens,
best-execution,
best-efforts,
quantifiable,
specialisations,
unbundle,
gave,
high-potential,
convene,
cutting-edge,
fueling,
threaten,
outdated,
organised,
map,
narratives,
module,
undisrupted,
payers,
regime,
broken,
value-adding,
1950s,
e-commerce,
displacing,
trips,
inflexibility,
electronically,
taxation,
documenting,
mobile-based,
ordering,
geotagging,
tokenisation,
near-field,
diagram,
open-loop,
closed-loop,
nfc,
mobility,
cashflow,
own/carry,
preferable,
decision-making,
regularly,
in-app,
everyday-,
relinquish,
check-,
incentivize,
load,
marginalisation,
value-,
hinder,
prompting,
merchant-branded,
optimised,
unlimited,
clicks,
taps,
recommend,
surrounded,
linkage,
impartiality,
engines,
sacrificing,
private-label,
rewarding,
arms,
backward,
1/3,
card-funded,
account-funded,
fronts,
bank-funded,
purchase-,
card-driven,
entrance,
3/3,
encouragement,
case-by-case,
nationally,
violations,
construct,
confusion,
de-centralisation,
merchant-,
360°,
significance,
inexpensive,
fix,
asks,
bic,
iban,
responds,
intrabank,
originated,
instructing,
digitisation,
20th,
century,
instantaneous,
receiver,
reciprocal,
near-instantaneous,
smtp,
servers,
denominate,
crypto-currency,
beenz,
flooz,
digicash,
pseudonymous,
whitepaper,
bitcoins,
1000th,
cent,
near-,
weaker,
nonexistent,
monies,
mpesa,
2002,
researchers,
noted,
uganda,
botswana,
ghana,
spontaneously,
relatives,
friends,
resell,
telco,
kenya,
safaricom,
phone-based,
cell,
sms,
outlets,
necessarily,
usefulness,
recorded,
practically,
unalterable,
conventional,
border,
irreversibility,
unconventional,
large-scale,
minimised,
fluctuation,
reinforcing,
separated,
processor,
split,
complexities,
floats,
gox,
redress,
unsolved,
micro-insurance,
funeral,
perceiving,
upgrades,
block,
cease,
near-real-time,
augmenting,
restructured,
designs,
weaknesses,
unwanted,
mitigated,
network-based,
inherently,
homogenize,
standardising,
couple,
centric,
slowest,
faces,
white-labelling,
customer-centric,
out-of-box,
advancing,
surpassing,
e-aggregator,
beatthatquote,
catastrophe,
collateralised,
re-insurance,
pay-as-,
you-go,
rentals,
to-one,
homogenises,
allowance,
customer-based,
logical,
covering,
subtract,
family,
concentrating,
suburban,
package,
agriculture,
capacities,
comprehensively,
fairly,
peace,
size/capabilities,
actually,
product-specific,
exacerbated,
oversubscribe,
survive,
in-depth,
cancer,
patients,
manhattan,
start-up,
profession,
unhealthy,
concentrated,
self-insurance,
self-insure,
self-insuring,
mono-,
penetrate,
telecommunication,
centuries,
backward-looking,
prediction,
claim-free,
mid-2000s,
gps,
near-real,
air,
bag,
behaviour-based,
accumulates,
telematics-based,
deterring,
temperature,
triaging,
quantified,
data-based,
install,
mix-and-match,
measurability,
cluster-,
data-rich,
content,
event-,
consultation,
wristbands,
thermometers,
usage-based,
app-based,
usage-based-insurance,
adoptable,
event-based,
automakers,
portable,
alarms,
thermostats,
manufactures,
redevelopment,
red-lining,
warnings,
in-car,
arrange,
consultants,
magnitude,
marmalade,
e-learning,
voluntarily,
healthier,
gifts,
matters,
decease,
longer-term,
gaming,
vacation,
approaching,
packages,
incent,
box,
recovery,
guardians,
halo,
early-movers,
locking,
tire,
misappropriated,
optimising,
bancassurance,
cross-subsidising,
adopters,
less-desirable,
separation,
fairness,
appetites,
intermediated,
absorbing,
riskier,
tier,
2008-2009,
dissipated,
tightening,
miss,
showcasing,
customer-oriented,
mainstream,
partly,
differential,
reserves,
mitigates,
mere,
compensated,
thin,
borrowers/,
pressured,
referral,
matures,
risk-adverse,
destination,
competes,
0.38,
2006,
urban,
referring,
alliance,
co-creation,
inclusive,
fuel,
selectively,
supplement,
instance,
straight-through,
channelling,
running,
medium-term,
shrinkage,
risk-tolerant,
nurtured,
price-sensitive,
photo,
prohibitive,
banking-as-platform,
customer-facing,
text,
runs,
exposing,
segment-based,
sophisticating,
full-,
kind,
centrality,
white-,
pre-paid,
bancorp,
cannibalise,
worry,
disposal,
bi-,
multi-,
lateral,
virtual-only,
bankcorp,
fdic-insured,
allpoint,
fee-free,
incentive,
verifier,
subsidising,
non-bank,
infrequent,
stories,
emulate,
human-human,
tangent,
spaces,
needs-,
cardless,
withdrawals,
augmented,
finder,
lockbox,
unidentified,
non-cost,
literate,
unwilling,
anchored,
redefining,
emphasis,
a-la-carte,
trade-offs,
tangential,
democratisation,
funnel,
outweigh,
pipeline,
entrepreneurship-friendly,
fueled,
screening,
ipos,
jumpstart,
strictly,
inadequate,
deterred,
pre-determined,
weed,
credible,
customisable,
carries,
clauses,
seasoned,
allocations,
stratified,
pre-ipo,
prospects,
opting,
early-stage,
high-quality,
well-defined,
well-balanced,
crowd-funding,
incubate,
dilution,
favorite,
coffee,
re-paving,
roads,
pursuits,
lower-return,
playgrounds,
parks,
pitch,
rally,
environmentally,
re-deploy,
purposeful,
misallocation,
over-concentration,
triple,
bottom,
inspired,
exiting,
customer-,
perks,
food,
four-year,
unsecured,
burrito,
week,
£10,000,
voucher,
burritos,
£2.16,
749,
exceeding,
loaded,
equivalent,
unavailable,
induce,
underpricing,
under-subscription,
covenants,
entailed,
shortening,
shortened,
broadened,
internally-driven,
broadening,
brokers/,
higher-end,
investable,
annuities,
rare,
advise,
reticent,
democratising,
algorithm-driven,
commoditises,
manual-intensive,
minimises,
individualisation,
spur,
inter-,
encompass,
defect,
rebalanced,
penetrated,
low-fee,
irrational,
crash,
suitably,
formerly,
intergenerational,
featuring,
rebalancing,
non-price,
affluent-focused,
visualisation,
stock-performance,
estimates,
mimic,
trusts,
diy,
churn,
entries,
misalignment,
tail,
well-performing,
overly,
confident,
unsuitable,
incentivising,
one-stop,
intensifies,
constantly-changing,
unreachable,
centralise,
redundant,
non-core,
none-core,
notion,
competency,
arising,
dodd-frank,
stricter,
anti-money,
adapting,
inconsistency,
impede,
philosophies,
backgrounds,
as-a-service,
starts,
trial-and-error,
dynamic,
post-trade,
coping,
expended,
user-,
aggregates,
projection,
utilises,
outliners,
redkite,
monitors,
layering,
noncompliant,
instantaneously,
opengamma,
manipulate,
cloud-,
avg,
attainable,
repeats,
backseat,
quant,
next-,
massively-parallel,
architectures,
user-friendly,
visual,
army,
reallocate,
specialising,
resource,
centralisation,
spill-over,
capitalise,
leveled,
configure,
normally,
re-evaluate,
internalised,
solidifying,
managed-service,
manageable,
formalisation,
tends,
amplification,
non-compliant,
co-,
interpretation-based,
black-and-white,
interpreted,
machine-based,
lens,
proliferated,
lockstep,
determination,
high-frequency,
dealers,
coordinating,
datasets,
routing,
peak,
2009-2010,
tabb,
3.0,
1.0,
0.0,
1.6,
0.008,
0.006,
0.004,
0.002,
0.0050,
0.0025,
8.0,
6.0,
7.2,
1.3,
machine-readable,
uncover,
ask,
self-correct,
prescriptive,
self,
privileged,
spreads,
tighten,
triggers,
vastly,
chasing,
intraday,
ask-bid,
sntmnt,
speculation,
self-,
converges,
variances,
unveil,
sophisticate,
neuro,
dimension,
tradingsolutions,
combines,
neural,
genetic,
scrutinised,
misinterpretation,
unfavourable,
explosions,
posted,
spree,
wiped,
recovered,
announcement,
second-guessed,
marginalised,
computation,
pre-existing,
objectively,
over-the-,
counter,
desirability,
imperfect,
tenders,
evaluated,
critically,
inventory,
overlook,
limitation,
revealing,
undesired,
fact-,
incentivised,
objectivity,
merits,
researched,
contacting,
catalogued,
top-level,
line-level,
pre-defined,
constricted,
broadest,
specialization,
excluding,
reasonably,
specialties,
influential,
colluding,
disorganised,
escrow,
custodial,
groupings,
negotiation,
diminishes,
fulfilling,
conflict-of-interest,
hwankim,
abel.lee,
matthew.blake,
